Model,PC,MSE,R2,Q2,MAE,Best Params,R2+Q2,Vote sum,R2-Q2,Vote diff,Vote,(R2+Q2)-(R2-Q2)
Random Forest,12,2.167078421752488,0.8400700961053892,0.5971283054865382,1.3015280910555105,"{'bootstrap': True, 'criterion': 'squared_error', 'max_depth': 5, 'max_features': 'sqrt', 'min_samples_leaf': 1, 'min_samples_split': 2, 'n_estimators': 50}",1.4371984015919272,1,0.24294179061885102,10,11,1.1942566109730763
Random Forest,11,2.2944785402963856,0.6466602041877043,0.573443928805103,1.357298966941983,"{'bootstrap': True, 'criterion': 'squared_error', 'max_depth': 5, 'max_features': 'sqrt', 'min_samples_leaf': 2, 'min_samples_split': 2, 'n_estimators': 10}",1.2201041329928073,6,0.07321627538260134,1,7,1.146887857610206
Random Forest,16,2.369154989080031,0.7909389371820401,0.5595611698058298,1.382591047349874,"{'bootstrap': True, 'criterion': 'squared_error', 'max_depth': 7, 'max_features': 'sqrt', 'min_samples_leaf': 1, 'min_samples_split': 5, 'n_estimators': 50}",1.35050010698787,3,0.2313777673762103,9,12,1.1191223396116596
Random Forest,21,2.5156155288890143,0.8336411318546249,0.5323333568850196,1.4264995016464537,"{'bootstrap': True, 'criterion': 'squared_error', 'max_depth': 7, 'max_features': 'sqrt', 'min_samples_leaf': 1, 'min_samples_split': 2, 'n_estimators': 10}",1.3659744887396443,2,0.30130777496960526,15,17,1.064666713770039
Random Forest,14,2.5753517041569327,0.6226411165821354,0.5212280761935726,1.4877773224055777,"{'bootstrap': True, 'criterion': 'squared_error', 'max_depth': 3, 'max_features': 'sqrt', 'min_samples_leaf': 2, 'min_samples_split': 2, 'n_estimators': 10}",1.1438691927757079,12,0.1014130403885628,2,14,1.0424561523871452
Random Forest,9,2.603190038927918,0.6677895300391423,0.5160527779722235,1.381631744480047,"{'bootstrap': True, 'criterion': 'squared_error', 'max_depth': 3, 'max_features': 'sqrt', 'min_samples_leaf': 1, 'min_samples_split': 2, 'n_estimators': 50}",1.1838423080113658,9,0.15173675206691883,5,14,1.032105555944447
Random Forest,18,2.740396828681695,0.8500576199754251,0.4905452876423835,1.4681951788967489,"{'bootstrap': True, 'criterion': 'squared_error', 'max_depth': 5, 'max_features': 'sqrt', 'min_samples_leaf': 1, 'min_samples_split': 2, 'n_estimators': 25}",1.3406029076178085,4,0.3595123323330416,20,24,0.981090575284767
Random Forest,17,2.76438302276178,0.8350330459777828,0.4860861233791178,1.5275827155262076,"{'bootstrap': True, 'criterion': 'squared_error', 'max_depth': 5, 'max_features': 'sqrt', 'min_samples_leaf': 1, 'min_samples_split': 2, 'n_estimators': 50}",1.3211191693569007,5,0.34894692259866505,17,22,0.9721722467582357
Random Forest,15,2.795103786502193,0.5928113461830224,0.4803749658960217,1.5595547780671304,"{'bootstrap': True, 'criterion': 'squared_error', 'max_depth': 3, 'max_features': 'sqrt', 'min_samples_leaf': 2, 'min_samples_split': 2, 'n_estimators': 50}",1.0731863120790441,17,0.11243638028700076,4,21,0.9607499317920434
Random Forest,10,2.847525375394484,0.5722844358266286,0.4706295066942978,1.5620531383116123,"{'bootstrap': True, 'criterion': 'squared_error', 'max_depth': 3, 'max_features': 'sqrt', 'min_samples_leaf': 2, 'min_samples_split': 5, 'n_estimators': 25}",1.0429139425209264,19,0.10165492913233076,3,22,0.9412590133885956
Random Forest,13,3.072436172756728,0.7846050992648987,0.4288173631473994,1.3201895540974415,"{'bootstrap': True, 'criterion': 'squared_error', 'max_depth': 5, 'max_features': 'sqrt', 'min_samples_leaf': 1, 'min_samples_split': 2, 'n_estimators': 10}",1.2134224624122982,7,0.35578773611749936,19,26,0.8576347262947989
Random Forest,20,3.111234219978335,0.6507772823383564,0.4216045946240794,1.6374799849476227,"{'bootstrap': True, 'criterion': 'squared_error', 'max_depth': 3, 'max_features': 'sqrt', 'min_samples_leaf': 2, 'min_samples_split': 2, 'n_estimators': 50}",1.0723818769624358,18,0.229172687714277,8,26,0.8432091892481588
Random Forest,26,3.22673544138337,0.763966808279448,0.4001322877990264,1.633775670965006,"{'bootstrap': True, 'criterion': 'squared_error', 'max_depth': 5, 'max_features': 'log2', 'min_samples_leaf': 1, 'min_samples_split': 5, 'n_estimators': 50}",1.1640990960784743,10,0.3638345204804216,21,31,0.8002645755980526
Random Forest,23,3.4076708740753374,0.7154787547240431,0.3664954043182749,1.6836370729775778,"{'bootstrap': True, 'criterion': 'squared_error', 'max_depth': 7, 'max_features': 'sqrt', 'min_samples_leaf': 2, 'min_samples_split': 5, 'n_estimators': 50}",1.081974159042318,14,0.3489833504057682,18,32,0.7329908086365498
Random Forest,8,3.467974323785071,0.5238883508492556,0.3552846642150529,1.6988703559909035,"{'bootstrap': True, 'criterion': 'squared_error', 'max_depth': 3, 'max_features': 'sqrt', 'min_samples_leaf': 1, 'min_samples_split': 5, 'n_estimators': 25}",0.8791730150643084,23,0.16860368663420267,6,29,0.7105693284301058
Random Forest,27,3.479907814530605,0.6790711899124626,0.3530661632185701,1.7136195389109723,"{'bootstrap': True, 'criterion': 'squared_error', 'max_depth': 3, 'max_features': 'sqrt', 'min_samples_leaf': 1, 'min_samples_split': 2, 'n_estimators': 10}",1.0321373531310327,20,0.32600502669389253,16,36,0.7061323264371402
Random Forest,22,3.4864339198413616,0.8438376594739095,0.3518529246579686,1.724376901153552,"{'bootstrap': True, 'criterion': 'squared_error', 'max_depth': 5, 'max_features': 'sqrt', 'min_samples_leaf': 1, 'min_samples_split': 2, 'n_estimators': 50}",1.1956905841318781,8,0.49198473481594096,26,34,0.7037058493159372
Random Forest,3,3.5274384037984188,0.8181986490439074,0.3442299675150192,1.6638362814356105,"{'bootstrap': True, 'criterion': 'squared_error', 'max_depth': 7, 'max_features': 'sqrt', 'min_samples_leaf': 1, 'min_samples_split': 2, 'n_estimators': 10}",1.1624286165589266,11,0.47396868152888816,25,36,0.6884599350300384
Random Forest,28,3.611017453610239,0.7460755107886134,0.3286921664435271,1.7345644401713265,"{'bootstrap': True, 'criterion': 'squared_error', 'max_depth': 5, 'max_features': 'sqrt', 'min_samples_leaf': 2, 'min_samples_split': 2, 'n_estimators': 25}",1.0747676772321406,16,0.41738334434508634,23,39,0.6573843328870543
Random Forest,6,3.671745935902882,0.5702262206635508,0.3174024104656689,1.757095277812006,"{'bootstrap': True, 'criterion': 'squared_error', 'max_depth': 3, 'max_features': 'sqrt', 'min_samples_leaf': 1, 'min_samples_split': 2, 'n_estimators': 50}",0.8876286311292196,22,0.25282381019788186,12,34,0.6348048209313377
Random Forest,24,3.772494949509366,0.8199076531201746,0.298672619506198,1.6434214947364958,"{'bootstrap': True, 'criterion': 'squared_error', 'max_depth': 7, 'max_features': 'sqrt', 'min_samples_leaf': 1, 'min_samples_split': 5, 'n_estimators': 10}",1.1185802726263725,13,0.5212350336139766,27,40,0.5973452390123959
Random Forest,5,4.013231832494311,0.4547169862504652,0.2539183203509315,1.8423925064257816,"{'bootstrap': True, 'criterion': 'squared_error', 'max_depth': 3, 'max_features': 'sqrt', 'min_samples_leaf': 1, 'min_samples_split': 5, 'n_estimators': 10}",0.7086353066013966,26,0.2007986658995337,7,33,0.5078366407018629
Random Forest,29,4.076096623571011,0.8327521394896098,0.2422314129219774,1.876613731969769,"{'bootstrap': True, 'criterion': 'squared_error', 'max_depth': 7, 'max_features': 'log2', 'min_samples_leaf': 1, 'min_samples_split': 2, 'n_estimators': 50}",1.0749835524115872,15,0.5905207265676324,28,43,0.4844628258439547
Random Forest,25,4.0883312900959945,0.706716906105074,0.2399569217059461,1.9041987691443163,"{'bootstrap': True, 'criterion': 'squared_error', 'max_depth': 5, 'max_features': 'sqrt', 'min_samples_leaf': 2, 'min_samples_split': 5, 'n_estimators': 10}",0.94667382781102,21,0.4667599843991279,24,45,0.47991384341189214
Random Forest,4,4.131064783481501,0.4895407924725653,0.2320125322828922,1.854919106936837,"{'bootstrap': True, 'criterion': 'squared_error', 'max_depth': 3, 'max_features': 'sqrt', 'min_samples_leaf': 1, 'min_samples_split': 5, 'n_estimators': 50}",0.7215533247554575,25,0.2575282601896731,13,38,0.4640250645657844
Random Forest,1,4.381579802016745,0.4309278937089893,0.1854404244139265,1.782743437125317,"{'bootstrap': True, 'criterion': 'squared_error', 'max_depth': 3, 'max_features': 'sqrt', 'min_samples_leaf': 2, 'min_samples_split': 5, 'n_estimators': 25}",0.6163683181229158,28,0.24548746929506282,11,39,0.370880848827853
Random Forest,2,4.569134723085565,0.4381001145958979,0.1505729419514185,1.8887528708331145,"{'bootstrap': True, 'criterion': 'squared_error', 'max_depth': 3, 'max_features': 'sqrt', 'min_samples_leaf': 1, 'min_samples_split': 5, 'n_estimators': 10}",0.5886730565473164,29,0.28752717264447947,14,43,0.3011458839028369
Random Forest,7,4.77508616471792,0.5090682170328338,0.1122854460098463,2.0272713111127136,"{'bootstrap': True, 'criterion': 'squared_error', 'max_depth': 3, 'max_features': 'sqrt', 'min_samples_leaf': 2, 'min_samples_split': 5, 'n_estimators': 10}",0.6213536630426801,27,0.3967827710229875,22,49,0.22457089201969266
Random Forest,19,4.9219598123724575,0.7792955243843322,0.0849808340880934,1.8129207236743512,"{'bootstrap': True, 'criterion': 'squared_error', 'max_depth': 7, 'max_features': 'sqrt', 'min_samples_leaf': 1, 'min_samples_split': 2, 'n_estimators': 10}",0.8642763584724257,24,0.6943146902962388,29,53,0.16996166817618685
