Model,PC,MSE,R2,Q2,MAE,Best Params,R2+Q2,Vote sum,R2-Q2,Vote diff,Vote,(R2+Q2)-(R2-Q2)
Random Forest,12,1.836519263851076,0.7791285194642413,0.6585810553011895,1.1665679416502088,"{'bootstrap': True, 'criterion': 'squared_error', 'max_depth': 7, 'max_features': 'sqrt', 'min_samples_leaf': 1, 'min_samples_split': 5, 'n_estimators': 50}",1.4377095747654307,1,0.12054746416305184,4,5,1.317162110602379
Random Forest,11,1.9734796774898904,0.70587049953869,0.6331193676344771,1.237723704193978,"{'bootstrap': True, 'criterion': 'squared_error', 'max_depth': 3, 'max_features': 'sqrt', 'min_samples_leaf': 1, 'min_samples_split': 2, 'n_estimators': 25}",1.338989867173167,3,0.0727511319042129,2,5,1.2662387352689541
Random Forest,9,2.0170225653562066,0.7147443611549307,0.6250245073642491,1.3099475878524385,"{'bootstrap': True, 'criterion': 'squared_error', 'max_depth': 5, 'max_features': 'sqrt', 'min_samples_leaf': 2, 'min_samples_split': 2, 'n_estimators': 50}",1.3397688685191798,2,0.08971985379068159,3,5,1.2500490147284982
Random Forest,10,2.228425879214976,0.6527643535492128,0.585723478649668,1.286381098757102,"{'bootstrap': True, 'criterion': 'squared_error', 'max_depth': 3, 'max_features': 'sqrt', 'min_samples_leaf': 1, 'min_samples_split': 2, 'n_estimators': 10}",1.2384878321988808,7,0.0670408748995448,1,8,1.171446957299336
Random Forest,14,2.550604472923569,0.6525284641003186,0.5258287214131576,1.3853225732995669,"{'bootstrap': True, 'criterion': 'squared_error', 'max_depth': 7, 'max_features': 'sqrt', 'min_samples_leaf': 2, 'min_samples_split': 5, 'n_estimators': 10}",1.1783571855134762,9,0.126699742687161,5,14,1.0516574428263152
Random Forest,16,2.7173760772484608,0.807357161489017,0.4948249708535615,1.434365616159435,"{'bootstrap': True, 'criterion': 'squared_error', 'max_depth': 7, 'max_features': 'sqrt', 'min_samples_leaf': 1, 'min_samples_split': 5, 'n_estimators': 50}",1.3021821323425784,4,0.31253219063545556,14,18,0.9896499417071228
Random Forest,15,2.890118586254726,0.7248284851417661,0.4627111965575754,1.5032778659917632,"{'bootstrap': True, 'criterion': 'squared_error', 'max_depth': 7, 'max_features': 'sqrt', 'min_samples_leaf': 2, 'min_samples_split': 2, 'n_estimators': 50}",1.1875396816993415,8,0.2621172885841907,9,17,0.9254223931151508
Random Forest,18,2.9096652053962746,0.7868534761900791,0.459077373481991,1.5558021899065608,"{'bootstrap': True, 'criterion': 'squared_error', 'max_depth': 5, 'max_features': 'sqrt', 'min_samples_leaf': 1, 'min_samples_split': 5, 'n_estimators': 50}",1.24593084967207,6,0.32777610270808805,16,22,0.9181547469639819
Random Forest,13,2.9986362935708466,0.8034573865296856,0.4425371630789869,1.5758321359796963,"{'bootstrap': True, 'criterion': 'squared_error', 'max_depth': 5, 'max_features': 'sqrt', 'min_samples_leaf': 1, 'min_samples_split': 2, 'n_estimators': 10}",1.2459945496086724,5,0.3609202234506987,19,24,0.8850743261579737
Random Forest,19,3.0292451265868667,0.7313254998510845,0.4368468141278533,1.5738475329182022,"{'bootstrap': True, 'criterion': 'squared_error', 'max_depth': 7, 'max_features': 'sqrt', 'min_samples_leaf': 2, 'min_samples_split': 5, 'n_estimators': 50}",1.1681723139789377,10,0.2944786857232312,12,22,0.8736936282557065
Random Forest,17,3.2386222551119093,0.6022144866954368,0.3979224643145076,1.5825175668793514,"{'bootstrap': True, 'criterion': 'squared_error', 'max_depth': 3, 'max_features': 'sqrt', 'min_samples_leaf': 2, 'min_samples_split': 5, 'n_estimators': 25}",1.0001369510099445,18,0.20429202238092914,7,25,0.7958449286290153
Random Forest,21,3.5087547190695605,0.7948232267636055,0.3477033663781684,1.63422240000495,"{'bootstrap': True, 'criterion': 'squared_error', 'max_depth': 5, 'max_features': 'sqrt', 'min_samples_leaf': 1, 'min_samples_split': 5, 'n_estimators': 25}",1.1425265931417738,12,0.4471198603854371,23,35,0.6954067327563367
Random Forest,8,3.66352725492264,0.5929135437309021,0.31893030807193,1.6298584054990075,"{'bootstrap': True, 'criterion': 'squared_error', 'max_depth': 3, 'max_features': 'log2', 'min_samples_leaf': 1, 'min_samples_split': 2, 'n_estimators': 10}",0.9118438518028321,22,0.2739832356589721,10,32,0.63786061614386
Random Forest,35,3.6992497695150335,0.8380160099391398,0.3122892978336012,1.7995980338850812,"{'bootstrap': True, 'criterion': 'squared_error', 'max_depth': 5, 'max_features': 'sqrt', 'min_samples_leaf': 1, 'min_samples_split': 2, 'n_estimators': 50}",1.150305307772741,11,0.5257267121055387,29,40,0.6245785956672023
Random Forest,26,3.732264014667981,0.7457319887658196,0.3061517696507979,1.7847309304767676,"{'bootstrap': True, 'criterion': 'squared_error', 'max_depth': 5, 'max_features': 'sqrt', 'min_samples_leaf': 2, 'min_samples_split': 2, 'n_estimators': 50}",1.0518837584166174,16,0.4395802191150217,22,38,0.6123035393015956
Random Forest,22,3.761379134220023,0.7589084642681749,0.3007391101770317,1.7874292188963463,"{'bootstrap': True, 'criterion': 'squared_error', 'max_depth': 7, 'max_features': 'sqrt', 'min_samples_leaf': 2, 'min_samples_split': 2, 'n_estimators': 50}",1.0596475744452065,15,0.45816935409114323,25,40,0.6014782203540633
Random Forest,4,3.793494202406826,0.5231125937803587,0.2947687438949616,1.7916303174558472,"{'bootstrap': True, 'criterion': 'squared_error', 'max_depth': 3, 'max_features': 'sqrt', 'min_samples_leaf': 1, 'min_samples_split': 5, 'n_estimators': 25}",0.8178813376753202,26,0.22834384988539708,8,34,0.5895374877899231
Random Forest,23,3.84402661030477,0.8300622925889429,0.2853744937407715,1.7658380318977878,"{'bootstrap': True, 'criterion': 'squared_error', 'max_depth': 5, 'max_features': 'sqrt', 'min_samples_leaf': 1, 'min_samples_split': 2, 'n_estimators': 25}",1.1154367863297145,13,0.5446877988481714,31,44,0.5707489874815431
Random Forest,2,3.857718492970665,0.4845690861812073,0.2828290980987311,1.7670540933212515,"{'bootstrap': True, 'criterion': 'squared_error', 'max_depth': 3, 'max_features': 'sqrt', 'min_samples_leaf': 1, 'min_samples_split': 5, 'n_estimators': 10}",0.7673981842799384,29,0.20173998808247623,6,35,0.5656581961974623
Random Forest,27,3.880608521310784,0.7710371423574355,0.2785737170233259,1.7231119081825996,"{'bootstrap': True, 'criterion': 'squared_error', 'max_depth': 7, 'max_features': 'log2', 'min_samples_leaf': 2, 'min_samples_split': 2, 'n_estimators': 10}",1.0496108593807614,17,0.4924634253341096,27,44,0.5571474340466518
Random Forest,25,3.9059924096309375,0.6460492659924779,0.2738547137799585,1.774210310114772,"{'bootstrap': True, 'criterion': 'squared_error', 'max_depth': 3, 'max_features': 'sqrt', 'min_samples_leaf': 2, 'min_samples_split': 5, 'n_estimators': 50}",0.9199039797724364,21,0.3721945522125194,20,41,0.547709427559917
Random Forest,24,3.922048550699905,0.6122601726542616,0.2708697896097614,1.7643376925713183,"{'bootstrap': True, 'criterion': 'squared_error', 'max_depth': 3, 'max_features': 'sqrt', 'min_samples_leaf': 2, 'min_samples_split': 5, 'n_estimators': 10}",0.883129962264023,23,0.3413903830445002,17,40,0.5417395792195228
Random Forest,33,4.016869829722004,0.8377275098068593,0.253241996830267,1.7792814709433609,"{'bootstrap': True, 'criterion': 'squared_error', 'max_depth': 5, 'max_features': 'sqrt', 'min_samples_leaf': 1, 'min_samples_split': 2, 'n_estimators': 50}",1.0909695066371263,14,0.5844855129765922,32,46,0.5064839936605341
Random Forest,28,4.091039144781575,0.7566791538272238,0.2394535167554258,1.7679632660626317,"{'bootstrap': True, 'criterion': 'squared_error', 'max_depth': 5, 'max_features': 'sqrt', 'min_samples_leaf': 2, 'min_samples_split': 2, 'n_estimators': 50}",0.9961326705826496,19,0.517225637071798,28,47,0.4789070335108516
Random Forest,29,4.1479670633657015,0.6382973794018412,0.2288703062934045,1.8266238275052564,"{'bootstrap': True, 'criterion': 'squared_error', 'max_depth': 3, 'max_features': 'sqrt', 'min_samples_leaf': 1, 'min_samples_split': 5, 'n_estimators': 25}",0.8671676856952457,24,0.4094270731084367,21,45,0.45774061258680904
Random Forest,7,4.152122868798467,0.5153904982474613,0.228097719404088,1.9016773629733263,"{'bootstrap': True, 'criterion': 'squared_error', 'max_depth': 3, 'max_features': 'sqrt', 'min_samples_leaf': 2, 'min_samples_split': 2, 'n_estimators': 10}",0.7434882176515493,30,0.28729277884337334,11,41,0.4561954388081759
Random Forest,5,4.372676202789396,0.5064138683070752,0.1870956520568144,1.9383308505517547,"{'bootstrap': True, 'criterion': 'squared_error', 'max_depth': 3, 'max_features': 'sqrt', 'min_samples_leaf': 1, 'min_samples_split': 5, 'n_estimators': 10}",0.6935095203638897,32,0.31931821625026086,15,47,0.37419130411362883
Random Forest,30,4.380255639458282,0.7731087596102924,0.1856865934534889,1.849329301683707,"{'bootstrap': True, 'criterion': 'squared_error', 'max_depth': 5, 'max_features': 'sqrt', 'min_samples_leaf': 1, 'min_samples_split': 5, 'n_estimators': 10}",0.9587953530637813,20,0.5874221661568034,33,53,0.37137318690697785
Random Forest,6,4.427310608552087,0.5225928467450907,0.1769388181335862,1.9114839580873868,"{'bootstrap': True, 'criterion': 'squared_error', 'max_depth': 3, 'max_features': 'sqrt', 'min_samples_leaf': 1, 'min_samples_split': 5, 'n_estimators': 25}",0.6995316648786769,31,0.34565402861150446,18,49,0.35387763626717245
Random Forest,31,4.5126973771268695,0.6875353675759652,0.1610649522875443,1.887798637685708,"{'bootstrap': True, 'criterion': 'squared_error', 'max_depth': 3, 'max_features': 'log2', 'min_samples_leaf': 1, 'min_samples_split': 2, 'n_estimators': 50}",0.8486003198635095,25,0.526470415288421,30,55,0.3221299045750885
Random Forest,20,4.542894429641341,0.6225385320458063,0.1554511555768655,1.9050342596367853,"{'bootstrap': True, 'criterion': 'squared_error', 'max_depth': 3, 'max_features': 'sqrt', 'min_samples_leaf': 2, 'min_samples_split': 5, 'n_estimators': 10}",0.7779896876226718,28,0.46708737646894083,26,54,0.310902311153731
Random Forest,1,4.617256713972622,0.4463577863203276,0.1416268014622563,1.935013933955596,"{'bootstrap': True, 'criterion': 'squared_error', 'max_depth': 3, 'max_features': 'sqrt', 'min_samples_leaf': 1, 'min_samples_split': 5, 'n_estimators': 50}",0.5879845877825839,34,0.30473098485807126,13,47,0.2832536029245126
Random Forest,3,4.910080845213737,0.5403837382538194,0.0871891988524996,2.0712407451269725,"{'bootstrap': True, 'criterion': 'squared_error', 'max_depth': 3, 'max_features': 'sqrt', 'min_samples_leaf': 1, 'min_samples_split': 2, 'n_estimators': 50}",0.627572937106319,33,0.45319453940131976,24,57,0.17437839770499924
Random Forest,32,5.235657495704893,0.7842878647846772,0.0266627243323404,2.0647136031690576,"{'bootstrap': True, 'criterion': 'squared_error', 'max_depth': 7, 'max_features': 'sqrt', 'min_samples_leaf': 1, 'min_samples_split': 5, 'n_estimators': 25}",0.8109505891170176,27,0.7576251404523368,34,61,0.05332544866468081
Random Forest,34,7.155672782809433,0.5905928495763146,-0.330278586348065,2.4579133203115124,"{'bootstrap': True, 'criterion': 'squared_error', 'max_depth': 3, 'max_features': 'sqrt', 'min_samples_leaf': 2, 'min_samples_split': 5, 'n_estimators': 10}",0.26031426322824963,35,0.9208714359243797,35,70,-0.6605571726961301
