,count,mean,std,min,25%,50%,75%,max,mean_all,std_all
rdkit_MaxAbsEStateIndex,14.0,13.851185795750023,0.5656384438209768,13.293432923280314,13.507774657117,13.566194439962288,14.231611569279579,15.251827733763031,13.880742587154245,0.5888723646482591
rdkit_MinAbsEStateIndex,14.0,0.12807812607569527,0.056181800350199,0.0265177305899264,0.10994888642133567,0.1426588004778488,0.1592843983613375,0.2237304652548704,0.12174744268355962,0.05144445414611085
rdkit_MinEStateIndex,14.0,-4.684525358596695,0.22497487465664195,-4.969697052153023,-4.800378924639857,-4.762108625801971,-4.617495825875092,-4.254793279578794,-4.759174043984519,0.4085411871020364
rdkit_qed,14.0,0.267507716494347,0.034320656945266495,0.2077422192268397,0.24071843260743048,0.2658345569723646,0.2932670739888949,0.3170310946824793,0.2674343620293096,0.041506126937344345
rdkit_SPS,14.0,26.908438095729498,2.471428686069014,24.0,25.32762030323006,25.884779516358464,28.17948717948718,31.68421052631579,27.510148586610057,3.056777981791079
rdkit_MolWt,14.0,524.8892142857147,31.550027470861735,472.54899999999975,504.3864999999997,522.1500000000003,532.9592500000009,604.7190000000015,528.6036296296303,31.02178164197228
rdkit_MaxPartialCharge,14.0,0.25300584611451993,0.012280442996572386,0.247322234828418,0.2473222348445775,0.24732223487558505,0.25339730233958974,0.2912106547538509,0.25827384416615196,0.021145233566077445
rdkit_MinPartialCharge,14.0,-0.5032101185657154,0.03260793259121429,-0.6165029938502478,-0.4944952223233742,-0.4944952223233742,-0.4944952223203318,-0.4944952208520558,-0.5041474449480678,0.0348558359530855
rdkit_FpDensityMorgan1,14.0,1.3070439187714082,0.13021361920740132,1.022222222222222,1.264676113360324,1.3243243243243243,1.3782051282051282,1.4857142857142858,1.30359558543177,0.12352311471170935
rdkit_AvgIpc,14.0,3.512595388482926,0.08735526290953023,3.3891261565954207,3.475738360714259,3.4859633575777638,3.5383114793590202,3.7709729992336816,3.518836879538323,0.07555961076718812
rdkit_BalabanJ,14.0,2.2530344600080867,0.1728104287664471,1.8980245417316903,2.122622582316976,2.3321606282580554,2.3447578760852377,2.4675795581434943,2.217801070683126,0.18492844159705085
rdkit_Chi1v,14.0,10.028949924535828,0.6653684081941817,8.946991749427433,9.66895571113188,9.940650236516262,10.351187997445434,11.72893558169529,10.126033007631575,0.7028749139719511
rdkit_HallKierAlpha,14.0,-4.442142857142857,0.38662600834614086,-5.489999999999999,-4.4325,-4.37,-4.37,-3.98,-4.454074074074073,0.3454680132054892
rdkit_Kappa1,14.0,7.47942507980096,0.5621971219595115,6.930865321328409,7.098107375652532,7.347305665213566,7.696547782167415,9.039708239151905,7.551062789509651,0.5012480902619119
rdkit_Kappa2,14.0,11.598067320886454,0.801936089052286,10.26989038922068,11.140611452829143,11.33246147397173,12.19980746651882,13.323787029067963,11.498543736053511,0.8305050085978186
rdkit_PEOE_VSA1,14.0,30.054675677808024,2.31375927093432,24.823499039018632,29.72340876986911,29.72340876986911,29.723408769869117,34.832216960976325,30.418897153744236,2.887621218085362
rdkit_PEOE_VSA10,14.0,6.988086155000411,2.461350313747785,5.749511833283905,5.749511833283905,5.749511833283905,5.749511833283905,11.567374611118932,8.035040129170127,4.038352403228332
rdkit_PEOE_VSA11,14.0,3.6430828508540896,3.0659091768577076,2.8236841566564013,2.8236841566564013,2.8236841566564013,2.8236841566564013,14.295265875424056,4.044071571257549,3.137368786982206
rdkit_PEOE_VSA12,14.0,9.947329090057481,3.138861279715396,5.907179729351506,5.948339280986494,11.855519010338,11.855519010338,13.286718667570634,9.38150584223818,3.1747931105161866
rdkit_PEOE_VSA13,14.0,1.687765636957573,2.7693285715732903,0.0,0.0,0.0,4.430384797013629,5.907179729351506,1.531491040942983,2.6380051951808974
rdkit_PEOE_VSA14,14.0,0.0,0.0,0.0,0.0,0.0,0.0,0.0,0.44521961774717306,1.604074397122382
rdkit_PEOE_VSA2,14.0,5.506534115635709,1.8098646138643117,4.794537184071822,4.794537184071822,4.794537184071822,4.794537184071822,9.77851570501903,5.348312575288179,1.5961505583269706
rdkit_PEOE_VSA3,14.0,10.281558116728329,2.279996444117638,4.9839785209472085,9.967957041894415,9.967957041894415,9.967957041894415,14.951935562841626,10.051167838814301,3.8353833753285977
rdkit_PEOE_VSA4,14.0,1.1961331050241661,3.3183835011700618,0.0,0.0,0.0,0.0,11.761884949391115,1.7942097223525284,3.9871242863778087
rdkit_PEOE_VSA5,14.0,0.40937275648155386,1.5317325982332162,0.0,0.0,0.0,0.0,5.731218590741754,0.4541576871386526,1.6400321048545854
rdkit_PEOE_VSA6,14.0,25.423026157892625,8.172521277181515,6.531038962001867,24.65829508499175,24.65829508499175,29.437988760988784,37.40414488765051,25.224856889913113,6.575918391568175
rdkit_PEOE_VSA7,14.0,37.392275624465995,9.787213531514986,24.17932786902545,30.792166458495025,38.126155150403804,44.41886676290973,51.355798688215,36.9302635385897,8.847841471749307
rdkit_PEOE_VSA8,14.0,82.18489935465766,13.471222213842548,57.0307906906567,76.16463393677373,80.99057850865029,87.77765559171468,109.81069571353746,80.1230807931215,13.686296404706184
rdkit_PEOE_VSA9,14.0,57.16010734744055,6.623682045659399,50.35541762033508,53.09693473267552,54.467693288845744,60.987693448103926,72.631511298959,59.4021279250106,9.51096262872936
rdkit_SMR_VSA1,14.0,56.5109607480973,4.162529651729716,50.73632386729447,53.820530618677466,55.75421591648009,58.68772041006429,65.8146679851669,57.326406857629664,4.0813008444520085
rdkit_SMR_VSA10,14.0,43.06643164111903,5.349915652027785,39.69012626331828,39.82060276646975,39.82060276646975,48.095653842894144,51.582487715860864,42.503283875130556,5.289224120091127
rdkit_SMR_VSA2,14.0,0.2044570938903763,0.5197208623820058,0.0,0.0,0.0,0.0,1.4311996572326342,0.15902218413695937,0.4583507176782704
rdkit_SMR_VSA3,14.0,19.77920256468493,4.855419507027926,14.53505668968577,19.43496642053625,19.43496642053625,19.43496642053625,33.97002311022202,19.607360254433136,4.365173857926668
rdkit_SMR_VSA4,14.0,6.477553550262085,3.3109447198105753,0.0,6.975826900282246,6.975826900282246,6.975826900282246,13.951653800564491,5.6840071039336815,3.887365590334754
rdkit_SMR_VSA5,14.0,4.638218072228538,8.627251988069457,0.0,0.0,0.0,4.872644763236959,26.44963403725012,6.184351559785547,8.80437951525543
rdkit_SMR_VSA7,14.0,69.52728077797616,5.542392263897781,66.20604668938805,67.05693368334697,67.22583208331002,67.32368946067362,84.6368007039257,69.32972372474279,5.6145771853143485
rdkit_SMR_VSA9,14.0,17.006891319829357,3.6868252213847854e-15,17.00689131982936,17.00689131982936,17.00689131982936,17.00689131982936,17.00689131982936,17.665055820290757,1.8974921479098286
rdkit_SlogP_VSA1,14.0,20.256399391227284,3.6868252213847854e-15,20.25639939122728,20.25639939122728,20.25639939122728,20.25639939122728,20.25639939122728,20.601239359025417,1.840903133374566
rdkit_SlogP_VSA10,14.0,23.314779429645995,1.1765839950285164,22.88002160188572,23.01049810503718,23.01049810503718,23.01049810503718,27.400913152712,23.10090778299676,0.8949066061596943
rdkit_SlogP_VSA11,14.0,5.749511833283905,0.0,5.749511833283905,5.749511833283905,5.749511833283905,5.749511833283905,5.749511833283905,6.407676333745298,1.8974921479098292
rdkit_SlogP_VSA12,14.0,1.6687732028302593,4.242064880589678,0.0,0.0,0.0,0.0,11.761884949391115,1.7305796177498987,4.228952547335383
rdkit_SlogP_VSA3,14.0,11.849493576445166,3.9365080651530038,4.794537184071822,11.770364084354068,11.770364084354068,11.770364084354068,22.94621855773936,13.145684046149166,4.495868576076434
rdkit_SlogP_VSA4,14.0,0.904936639881541,2.3092412904834227,0.0,0.0,0.0,0.0,6.851892117295679,1.131314034868905,2.4348110243910432
rdkit_SlogP_VSA5,14.0,48.37704632919025,12.744984938687287,34.2689639042555,40.09468776797895,42.49351524127684,56.474115062198436,78.7512536054415,48.76512709058358,10.794368320958196
rdkit_SlogP_VSA6,14.0,67.89163757614821,4.663673300672572,60.57396965652896,66.86660667133529,67.22583208331002,67.32368946067362,79.07334921222869,66.40553866409108,5.956969237946319
rdkit_TPSA,14.0,94.50714285714285,10.85879114151042,84.31,87.55,87.55,103.515,118.26,95.70814814814815,10.611027296397854
rdkit_EState_VSA10,14.0,7.484278100683648,1.5221526942025418,4.794537184071822,6.165295740242042,7.536054296412263,8.947896374740463,9.347287057762186,8.382915217209261,2.146167478167652
rdkit_EState_VSA11,14.0,0.3136010748339157,1.1733877781525683,0.0,0.0,0.0,0.0,4.39041504767482,0.325215929457394,1.1717150933704041
rdkit_EState_VSA2,14.0,7.548227727849209,2.6861107042917673,4.567099647791355,4.567099647791355,9.50555614833122,9.87691300107973,9.87691300107973,6.872000863660484,2.632771260409564
rdkit_EState_VSA5,14.0,0.0,0.0,0.0,0.0,0.0,0.0,0.0,0.0,0.0
rdkit_EState_VSA8,14.0,11.765782180826989,3.1762289993356907,9.967957041894415,9.967957041894415,9.967957041894415,13.705940932604824,19.935914083788838,11.809440119141001,3.403129074719568
rdkit_EState_VSA9,14.0,49.016347488471396,4.435847256280672,43.2607106719446,46.2742054417257,48.662762034484096,50.08912229699063,58.9134851296254,48.738877282970726,5.260174589812307
rdkit_VSA_EState10,14.0,0.06692258343167046,1.9654188366059717,-4.05089315745505,0.0,0.0,0.0,5.767371493668393,0.23376825923735908,1.779669917628127
rdkit_VSA_EState2,14.0,20.188470861146154,2.392262909553829,18.774816417832223,18.941974828794393,19.325103217558944,20.04049081160212,27.575059349542844,20.05171947247719,1.992014936135522
rdkit_VSA_EState3,14.0,-1.6623266035502924,1.5687094791081064,-3.467955864619812,-2.2711003886203804,-1.9786177930735835,-1.8115792351166966,2.044168853821022,-1.2674915318969413,2.9773308499635465
rdkit_VSA_EState4,14.0,-9.382807497756884,1.66846446119455,-12.665505963628558,-10.022916657303371,-8.985581933618613,-8.484780692027005,-6.489210221451122,-9.93770477013162,2.7699844784350005
rdkit_VSA_EState5,14.0,-5.764882016018755,0.7288006355647132,-7.311120721458801,-5.863929194099309,-5.468521796582957,-5.344457550337128,-5.101493962237301,-5.850198214849053,0.7022282909436021
rdkit_VSA_EState6,14.0,-11.348870956072018,1.8043144356110625,-14.94290160208196,-11.822843823454571,-10.724290653155954,-10.340853605066055,-9.000791774649018,-11.312169420633957,1.5998500064519716
rdkit_VSA_EState7,14.0,-4.76608563695443,2.5222986780643657,-9.901121465793278,-6.253581268731352,-4.364272143355267,-2.5318266272311565,-2.380351806328106,-4.814263883290945,2.743264857955403
rdkit_VSA_EState8,14.0,-25.451516836090075,6.30541644188359,-34.46396549976794,-29.264451963022747,-27.26076835229443,-24.506927063669274,-13.488272447409816,-25.38626771044578,6.295650051813939
rdkit_VSA_EState9,14.0,-3.9377795981492483,0.08158728460206659,-4.114380686643793,-3.9679228469003327,-3.9371444187220375,-3.889278454463984,-3.795376833030796,-4.580486683557101,1.6444184671919633
rdkit_FractionCSP3,14.0,0.2547124435785447,0.038963155957694354,0.1923076923076923,0.22969966629588429,0.25,0.2693965517241379,0.34375,0.25907710594723943,0.04119497604598921
rdkit_NOCount,14.0,9.285714285714286,0.9138735334633755,8.0,9.0,9.0,9.0,12.0,9.407407407407407,0.8883545402449344
rdkit_NumAliphaticHeterocycles,14.0,0.07142857142857142,0.26726124191242434,0.0,0.0,0.0,0.0,1.0,0.25925925925925924,0.5256931389634797
rdkit_NumHAcceptors,14.0,8.357142857142858,0.8418973861410957,8.0,8.0,8.0,8.0,11.0,8.444444444444445,0.8473185457363234
rdkit_NumHeteroatoms,14.0,9.571428571428571,0.8516306272526403,9.0,9.0,9.0,10.0,12.0,9.703703703703704,0.8234456132997966
rdkit_NumRotatableBonds,14.0,15.0,2.0754980866510833,10.0,14.25,15.0,15.75,19.0,14.74074074074074,2.280225909735744
rdkit_MolLogP,14.0,4.803237142857147,0.5759678411886532,3.9405000000000014,4.441625000000003,4.784100000000004,5.236575000000005,5.988520000000005,4.770820000000003,0.5091671670483093
rdkit_fr_NH0,14.0,5.071428571428571,0.9972489631508749,4.0,5.0,5.0,5.0,8.0,5.037037037037037,0.9397823594805784
rdkit_fr_Ndealkylation1,14.0,1.5714285714285714,0.7559289460184544,0.0,1.25,2.0,2.0,2.0,1.5925925925925926,0.7472647177570733
rdkit_fr_allylic_oxid,14.0,0.14285714285714285,0.3631365196012815,0.0,0.0,0.0,0.0,1.0,0.1111111111111111,0.32025630761017426
rdkit_fr_aniline,14.0,4.0,0.0,4.0,4.0,4.0,4.0,4.0,3.962962962962963,0.19245008972987526
rdkit_fr_aryl_methyl,14.0,1.0,0.3922322702763681,0.0,1.0,1.0,1.0,2.0,1.1481481481481481,0.5337605126836238
rdkit_fr_bicyclic,14.0,1.0714285714285714,0.26726124191242434,1.0,1.0,1.0,1.0,2.0,0.9629629629629629,0.43690180920109606
rdkit_fr_ether,14.0,1.0,0.0,1.0,1.0,1.0,1.0,1.0,1.1111111111111112,0.3202563076101743
rdkit_fr_halogen,14.0,0.14285714285714285,0.3631365196012815,0.0,0.0,0.0,0.0,1.0,0.14814814814814814,0.36201399289824565
rdkit_fr_para_hydroxylation,14.0,0.9285714285714286,0.26726124191242434,0.0,1.0,1.0,1.0,1.0,0.9629629629629629,0.19245008972987523
rdkit_fr_sulfide,14.0,0.07142857142857142,0.26726124191242434,0.0,0.0,0.0,0.0,1.0,0.07407407407407407,0.2668802563418119
mordred_SpMax_A,14.0,2.4927300281261737,0.016691823538990097,2.4840471976008485,2.484083298397127,2.4842567300854865,2.492876079793553,2.53656394448763,2.497570385072048,0.020499942899309717
mordred_SpMAD_A,14.0,1.2876168470419578,0.014439784047000904,1.2621991347072894,1.2822762422443548,1.2834726869927628,1.3023653562218769,1.3078526859334283,1.2885481890526154,0.014677995085872801
mordred_VE1_A,14.0,4.525334434939334,0.15039430219679,4.208408332343812,4.4734646383300625,4.490988364501385,4.57752326388286,4.88970560072865,4.531397169114435,0.16913383590568626
mordred_VE2_A,14.0,0.11762950793642897,0.00605051551442227,0.1079079059575336,0.11297290202767579,0.1179648768006699,0.1213780639054428,0.1277621575831261,0.11702533023001828,0.006187596063199311
mordred_VE3_A,14.0,2.857231420417553,0.08632409729477916,2.7505261425495706,2.8104056229043684,2.8351684063845424,2.877391961368088,3.09120949410073,2.864851157404191,0.08431119180954096
mordred_nO,14.0,2.2142857142857144,0.42581531362632014,2.0,2.0,2.0,2.0,3.0,2.3703703703703702,0.5648790304908823
mordred_nS,14.0,0.14285714285714285,0.3631365196012815,0.0,0.0,0.0,0.0,1.0,0.14814814814814814,0.3620139928982457
mordred_nCl,14.0,0.07142857142857142,0.2672612419124244,0.0,0.0,0.0,0.0,1.0,0.07407407407407407,0.2668802563418119
mordred_ATS0dv,14.0,521.9541446208112,39.663553871794136,470.44444444444446,497.90123456790127,515.0,525.8271604938271,634.0,528.1426611796982,34.9397221389791
mordred_ATS1dv,14.0,546.4761904761905,46.10062549034453,504.0,520.5,537.0,549.75,685.0,551.559670781893,40.2218147200574
mordred_ATS0s,14.0,255.03677242629004,22.132877381590717,227.44787379972564,238.21527777777777,247.79166666666669,270.0277777777778,299.80555555555554,259.023537341555,24.895996636348926
mordred_ATS5s,14.0,544.8411473642956,39.9447441524711,489.62654320987656,517.1155692729767,533.4722222222224,568.7638888888891,637.0833333333333,546.2096606208405,37.32252060779201
mordred_ATS6s,14.0,566.7964677640606,39.2315976700096,508.4228395061728,542.0061728395065,563.8227023319616,591.1111111111113,648.6111111111112,568.3398999136311,37.97770417303388
mordred_ATS7s,14.0,586.5617773858515,51.51229193161749,513.0864197530865,557.6795267489715,572.5301783264747,608.1805555555559,707.1944444444445,590.977467865671,49.982053899694975
mordred_ATS0Z,14.0,1628.5714285714287,112.58208238758633,1450.0,1556.0,1603.0,1677.5,1842.0,1643.2592592592594,121.15869840597578
mordred_AATS0dv,14.0,7.271548988548418,0.46904688526601884,6.317073170731708,7.085714285714285,7.164745698079031,7.689968034225011,7.885714285714286,7.337167856356132,0.5416236289644286
mordred_AATS1dv,14.0,7.266352187904885,0.39699958997110274,6.458823529411765,7.050302437288739,7.2631441617742984,7.524102653025837,7.965116279069767,7.298771888169305,0.39026210069471645
mordred_AATS2dv,14.0,6.032375256740194,0.42896455881069107,5.163265306122449,5.7957786116322705,6.100760030156692,6.2565650935216155,6.794520547945205,6.07350291605531,0.44320004311961386
mordred_AATS3dv,14.0,5.256086919213667,0.3660066239633187,4.53932584269663,5.080658783783784,5.233980733980733,5.405382261600292,6.045977011494253,5.248046529612067,0.3543539646925482
mordred_AATS4dv,14.0,4.340170851076004,0.3096879509622012,3.808411214953271,4.122433574879227,4.315619712351946,4.477305059126879,4.911627906976745,4.353625736514548,0.39540865115671225
mordred_AATS5dv,14.0,4.248353198348933,0.271304446000528,3.880733944954129,4.070783962524111,4.184575547326154,4.382661394866477,4.9,4.264372035953189,0.3519764744634178
mordred_AATS6dv,14.0,4.062825376466477,0.35866689901656745,3.7149321266968327,3.847408756354807,3.949405927666797,4.213004754167418,5.0807174887892375,4.116733369405553,0.3480400591781656
mordred_AATS7dv,14.0,3.666219675931111,0.3933439592592216,3.253218884120172,3.387768778874123,3.498719214137996,3.9012037856824584,4.630252100840337,3.7426218863244807,0.41374522313395085
mordred_AATS0d,14.0,3.266091758194405,0.10320181202207945,3.0609756097560976,3.2142857142857144,3.284749034749035,3.3283582089552235,3.45679012345679,3.2881342573540486,0.10660949830372962
mordred_AATS3d,14.0,3.409962452590485,0.11334546932887404,3.157303370786517,3.3733108108108105,3.425337837837838,3.4699561002377903,3.5919540229885056,3.4200981079614015,0.09263393214668264
mordred_AATS4d,14.0,3.01376473792736,0.10677344374653074,2.8598130841121496,2.9307065217391304,2.9744088793035433,3.1066767068273093,3.1948051948051948,3.0219018266570115,0.10852686401355989
mordred_AATS5d,14.0,2.9157747723445104,0.07862262628887312,2.8374384236453203,2.8721491228070173,2.8990728854656966,2.92767146646457,3.159090909090909,2.9413165786716373,0.08628436610353384
mordred_AATS6d,14.0,2.873412621909025,0.12186370160852815,2.7905759162303663,2.8049945265462504,2.827100403570992,2.870153274148266,3.233183856502242,2.896652051489903,0.11101756260202286
mordred_AATS7d,14.0,2.687792727365706,0.13808380524236027,2.560185185185185,2.6050492409179165,2.6502319481213417,2.674792482195916,3.0588235294117645,2.71362244518891,0.13300751742762043
mordred_AATS8d,14.0,2.5665936339247857,0.1138016201911717,2.466666666666667,2.5,2.5180417140289197,2.5747281272738,2.874015748031496,2.587667262158589,0.11921060707658115
mordred_AATS0s,14.0,3.5622493026247404,0.3969199196704325,3.0768970189701896,3.3848491083676273,3.4003968253968253,3.667783272402837,4.346276606097188,3.615381657749007,0.5414981225236434
mordred_AATS1s,14.0,3.143811036311182,0.10544815769783022,2.939869281045752,3.1129155164481253,3.152587519025875,3.174881635757041,3.3632154882154883,3.13988750614973,0.1265962310742283
mordred_AATS3s,14.0,2.949180102419116,0.15241426085265267,2.690230961298377,2.86654981491938,2.936665832499166,3.008176390767035,3.2059569350257933,2.960148047669678,0.18324292998114408
mordred_AATS4s,14.0,2.6804010773553975,0.12820459541951304,2.4871495327102804,2.5877177298071024,2.6514488318244793,2.752023276165825,2.93145743145743,2.699889984679146,0.20480038467769485
mordred_AATS5s,14.0,2.7833371714850883,0.09693693837066478,2.6278851315083207,2.714740932989967,2.759589707026187,2.841440253197917,2.980344379467186,2.7854875850059244,0.19634040441418257
mordred_AATS8s,14.0,2.800340825939719,0.1518582573728949,2.5956662056247124,2.6931668940048152,2.760895680326403,2.855454440186956,3.143970189701897,2.8162093169747235,0.19738608260079812
mordred_AATS0Z,14.0,22.714377113918886,1.79759651804455,20.29268292682927,21.6,22.336231884057973,22.94761904761905,26.029850746268657,22.822584819160493,1.7929543401339276
mordred_AATS3Z,14.0,19.65585247430596,1.0414705983849728,17.651685393258425,18.971579391891893,19.547423199597112,20.54445091602245,21.155405405405407,19.680371832328124,0.9141832503641538
mordred_AATS4Z,14.0,16.907909842637075,0.9507993297538265,15.532710280373832,16.264769655327775,16.728713768115945,17.434795247724974,18.47590361445783,16.92536340220224,0.991222678851744
mordred_AATS5Z,14.0,16.777241168892644,0.5966905372444933,15.990825688073397,16.267028985507245,16.60804998197765,17.203476623495913,17.752747252747252,16.8160981643777,0.8288390241990292
mordred_AATS7Z,14.0,15.930851826627217,1.079158023255964,14.539170506912445,14.980828017012229,15.842158442995645,16.900351515912373,17.932773109243698,16.08883976776366,1.089817691118765
mordred_AATS0v,14.0,217.84519076996807,5.6694627943267095,206.86530663569744,214.5745368811776,218.76428309912723,221.99281116293957,225.1047350028071,218.09308881048142,5.690334889442857
mordred_AATS3v,14.0,212.00548148207457,6.346460036726726,198.8514124065275,208.36367884613892,213.26636451318893,216.16952722293576,220.41239240388217,211.8893253511607,5.217453587625389
mordred_AATS5v,14.0,179.09244205087444,3.537844374315421,174.24384488327135,176.92328712612314,178.22524400016886,181.51441386140473,186.7779879840449,179.818479417904,5.427043895399994
mordred_AATS6v,14.0,180.10705223743784,5.0118502842799,173.8675587363294,176.9296128891564,179.510270304352,181.66528244419757,194.46942616314595,181.00377177585426,4.557754083846545
mordred_AATS7v,14.0,171.9367355196508,7.625432242000123,163.86082093782534,165.6812330513693,171.2144869526523,174.12703848354334,189.9822803337908,172.89453886451338,7.331600596562809
mordred_AATS8v,14.0,161.71871469841048,6.106196483287512,154.69412246384184,156.8804937051079,161.5520760713933,163.8295378429341,176.34970203814623,162.6341531026221,6.418921218119604
mordred_AATS3se,14.0,7.714811378816334,0.05824882845038235,7.604789191011235,7.689170805690783,7.709334342905403,7.758526740292015,7.803428154929576,7.721136251990743,0.06713600662494427
mordred_AATS5se,14.0,7.648784474536131,0.03651174119316038,7.588812444444445,7.623834700000001,7.644693169370438,7.661665543198179,7.736148945454546,7.645439586247537,0.047841587602819036
mordred_AATS6se,14.0,7.703619834290836,0.036557751113930795,7.645538840579709,7.677322324607328,7.693901933937791,7.7395950236504785,7.758893005235601,7.706188084201194,0.04149469376981248
mordred_AATS7se,14.0,7.713443713698443,0.06147168076326728,7.6359946728110595,7.664179715736042,7.702727093216813,7.7633157186489985,7.837178773006134,7.715614024155177,0.06677700686493082
mordred_AATS8se,14.0,7.597902508582934,0.051586624146018875,7.53042275598086,7.558195481392717,7.594682058250276,7.628613282618934,7.694023464566929,7.612407873084141,0.06717116839061538
mordred_AATS0p,14.0,1.4930428493895185,0.05056965514188944,1.4296382573025488,1.463100870448289,1.483607784860486,1.5101034028066438,1.5999256840222726,1.4929416075057573,0.047843430582993916
mordred_AATS1p,14.0,1.767750138985925,0.04203179854809276,1.7245245520259742,1.7380044175000005,1.7633557883348243,1.7744425991962895,1.8596000754285715,1.768916654947392,0.04582089292848639
mordred_AATS3p,14.0,1.5120547684620598,0.0351864105917463,1.4489660550279777,1.489110228254138,1.5144986204666586,1.5332760496336015,1.5684187317388971,1.5107022911239838,0.03315919689234962
mordred_AATS4p,14.0,1.356343655755934,0.04796869588367083,1.296971500330617,1.3226658667708056,1.3406233450520517,1.374087071715513,1.4456352314784051,1.3542238410906025,0.04190924920674102
mordred_AATS5p,14.0,1.3104192495798774,0.02800553672235556,1.2762549454522614,1.2906695822352803,1.300713567958872,1.3211959583016184,1.3639720138112057,1.3150134531163555,0.035414678707355964
mordred_AATS6p,14.0,1.312015606473381,0.03108713220540229,1.2526628835222182,1.2924519793550733,1.3068681389593988,1.3318048178326505,1.3816095228789995,1.3169455772058427,0.029986328473432838
mordred_AATS7p,14.0,1.2709837580964458,0.04432291734703147,1.217055498727366,1.2300188568547852,1.2642236992538936,1.3006295736308031,1.364422563417941,1.2756262077001481,0.04479335134999631
mordred_AATS8p,14.0,1.2155886229664075,0.037600755260002706,1.1655694678252333,1.1804502825086383,1.2228835051178697,1.2390332750628381,1.286406196183098,1.2189860554156826,0.03757639151252405
mordred_AATS0i,14.0,164.00581378995236,0.9071492028136651,162.373483800342,163.52575319240862,164.19611980702206,164.47476086623644,166.010625805871,163.99813593797936,0.8021301649104501
mordred_AATS1i,14.0,149.17836645808188,0.7184558523135626,147.7749149489329,148.85594256179164,149.21032910790473,149.591642368048,150.18155205472058,149.13452458428185,0.7897161622182309
mordred_AATS3i,14.0,156.50292253183585,0.8837480594857476,155.14531328384558,155.80343047501992,156.4750483368702,157.180153225373,157.8665179388134,156.46921863322933,1.0877130562454311
mordred_AATS4i,14.0,159.50109444013296,1.1513462380270256,157.58174719067475,158.38322860778015,160.04636786072035,160.2180600008739,160.9836726272966,159.707617867186,0.9630282156633468
mordred_AATS5i,14.0,162.8438323268596,1.1252276112641562,160.97760620159863,162.24987035786612,163.32532193581764,163.73112412115506,164.1531543183919,162.5996759019879,1.3041216031742264
mordred_AATS6i,14.0,162.0283438954134,0.844428793396069,160.5525348522462,161.65716800252983,161.92999582714697,162.47685545901047,163.8442889799653,161.83362295103103,0.7832373572783491
mordred_AATS7i,14.0,163.27535911407946,1.1530151228128054,161.525286671563,162.43518992478678,163.27292049301207,164.04590894146338,165.56089188886247,163.0894625130926,1.0992863300963485
mordred_AATS8i,14.0,163.9878133580576,0.8287836648731127,162.3409024752278,163.54344163691061,164.0044273531537,164.58040356632853,165.52205522081246,163.8244207494087,1.0235648157230899
mordred_ATSC0c,14.0,1.3922037634840212,0.12281389364896637,1.2420927581906744,1.3205722590406233,1.333280817602672,1.4136301290066529,1.651352437733847,1.4213934644571111,0.15100802586675832
mordred_ATSC1c,14.0,-0.6622902009107072,0.06143809778668065,-0.784977993467118,-0.6709734723847203,-0.6463260455568595,-0.6417207685431044,-0.5631902418883215,-0.668300877449118,0.0816644856962294
mordred_ATSC2c,14.0,-0.04605382493501776,0.10231648625666892,-0.2805299124953774,-0.056709098808248495,-0.0300876873085824,0.027151939978295223,0.0631476260249666,-0.04664455275570108,0.1219537306835717
mordred_ATSC3c,14.0,0.1126955971430601,0.14048241036564482,-0.2122477507047367,0.06661829133655213,0.0934041586736945,0.18324418703999024,0.3908759980036801,0.08059117789224236,0.15747113280842556
mordred_ATSC4c,14.0,-0.18275632437986464,0.09213648703921624,-0.303930938962441,-0.25940548496711124,-0.2049450232607462,-0.11147537116508127,-0.0148683942457192,-0.12907751975799223,0.1309051358688316
mordred_ATSC5c,14.0,0.13948432840094996,0.09320763125085488,-0.1369538113946715,0.12774101742293487,0.153131694374935,0.20530188986626952,0.2257311810705341,0.10208755830381407,0.11533009067066832
mordred_ATSC6c,14.0,0.04450477040101205,0.06543414563684724,-0.115366019095983,0.022500482313909376,0.04151159416212795,0.07191414683610226,0.1548703318805593,0.020195170621192676,0.0904670517747022
mordred_ATSC7c,14.0,-0.240681855996114,0.07867733354687492,-0.4267897708586502,-0.252526226165506,-0.226127209230173,-0.20109957417100333,-0.0958383098070865,-0.19822870153636685,0.11689939386293835
mordred_ATSC8c,14.0,0.22147949152312812,0.108191917893956,0.0527036800476791,0.14420359330009602,0.2192162072081686,0.2649541165058355,0.4173913632219401,0.2259076926451316,0.11780998476081818
mordred_ATSC1dv,14.0,113.14376376119334,15.093525809339775,86.66969009826151,105.2551278305333,112.22953892668181,116.37028934240362,142.24676116445667,113.5039816083207,17.907903742497034
mordred_ATSC2dv,14.0,51.442377281588215,21.28295926420933,22.328922495274096,34.20325785244705,43.82626354245403,70.68445414960863,84.86572798694009,51.7625273828174,18.210836299996867
mordred_ATSC3dv,14.0,7.454334396026622,32.44158685623646,-65.6735449342563,-10.112025615878458,5.859017384731679,30.197041636230825,54.45925044616303,3.077967103789953,35.1218382827686
mordred_ATSC4dv,14.0,43.50557143860265,37.643378907329755,-37.1463844797178,45.87158571998657,54.367523305618555,64.78232834467119,85.33912513336384,37.00428570152072,40.32118683081051
mordred_ATSC5dv,14.0,21.445787329149255,16.65767558763182,-3.357525282569876,11.275445142617855,20.096844411979554,28.381573094057146,59.54612244897957,16.96235010231019,18.04900266445187
mordred_ATSC6dv,14.0,-51.15478984503001,17.814307046405922,-81.84915114862396,-60.200693937180446,-54.349795918367356,-47.77683295540437,-4.233958238073452,-48.807107236181395,20.150480548731366
mordred_ATSC7dv,14.0,-69.92966311706456,20.459763561390385,-113.39857227840568,-82.32943214873949,-64.50436823654931,-54.76925118720486,-45.35928888888888,-62.839273414738315,27.164678417781644
mordred_ATSC8dv,14.0,-2.943620316123311,38.64653639013144,-96.05959457399786,-13.385923965553454,5.1706621773288415,20.612490869247623,51.22877299067776,-7.5508324583137485,36.36161129402299
mordred_ATSC1d,14.0,22.94742681827762,2.1171347788001484,20.444444444444443,22.14969134761342,22.844651838821726,23.00095328301274,28.650967840268255,22.997632323853672,2.957033555683167
mordred_ATSC2d,14.0,7.212749681580136,2.3304344682965694,4.0261224489795895,5.97755532798996,6.305612244897958,9.13220272986857,11.42727543129089,7.138474275044474,2.7058253115542694
mordred_ATSC3d,14.0,-0.48631312199713356,4.334528393353355,-7.222222222222228,-4.092947130635223,-0.6887755102040826,2.706902488834871,6.709101725163589,-0.49697010579137924,4.278348486049093
mordred_ATSC4d,14.0,-1.933297757591619,4.285444081467256,-11.125220458553786,-4.114659863945581,-0.7268189270167889,0.8362686204761464,3.695320835238536,-1.9542601160644566,3.803515425117539
mordred_ATSC5d,14.0,-6.843535929290992,4.986450628754993,-13.118517165814456,-9.391163774487296,-8.662047188021216,-5.177970243647019,5.568510897729007,-7.215391532099291,4.5265388178698975
mordred_ATSC6d,14.0,-10.616253464516392,2.861164598450883,-14.803688823959098,-12.08219954648526,-10.85969387755102,-10.154572312662232,-5.307575064776706,-10.502362890866973,3.613964813115104
mordred_ATSC7d,14.0,-3.182769616957217,3.170024824870771,-9.124479476502083,-3.916772486772486,-2.1164229012614175,-1.129938251765279,0.5911249086924757,-3.795315319879888,3.886272500738538
mordred_ATSC8d,14.0,-1.6765628355552742,6.332909179925147,-16.372809023014785,-3.9279149659863952,-0.22332605357701962,0.7950392436010204,8.411690602166791,-3.097557075242951,6.015406389414102
mordred_ATSC1s,14.0,-5.186423554439291,3.2655709191176463,-14.036072528329496,-6.115557421871353,-4.170910890612067,-2.9330201575316552,-2.4519475366986407,-5.44260416360521,3.97907056827592
mordred_ATSC2s,14.0,10.395083742429534,4.218295357400562,1.707489991881526,8.251841446285875,10.577243412250844,13.86111660298507,16.10173755700972,11.453304483474449,6.493278010092414
mordred_ATSC3s,14.0,-2.6142498327151737,6.909295828972611,-22.010794289722288,-3.7441736159626946,-2.423328330131937,1.7953650863637631,6.23827668546462,-3.529503479253491,10.289317253831836
mordred_ATSC4s,14.0,1.2182291680150892,7.987545970667712,-13.53802794433601,-3.398528719011342,0.676527777777777,4.429865298724392,15.113520735606434,-0.4035903296985585,10.712632541163714
mordred_ATSC5s,14.0,7.03819099063903,6.834868759730559,-9.65571389862656,3.3008593884396187,9.82909767875984,10.674041955560014,15.10675170068027,8.61967279875158,9.687121121280633
mordred_ATSC6s,14.0,-1.7804744063439795,4.933663104099612,-13.58312068933119,-1.5162161976770614,-1.146253910960154,-0.16988401423240967,6.663497732426299,-2.951097085141337,5.805411045705604
mordred_ATSC7s,14.0,-19.796848923339315,5.960534940231125,-36.96033446712019,-20.694414529823142,-18.04724910721534,-15.9758712962963,-14.684576023391823,-17.070580144702458,6.705277947370932
mordred_ATSC8s,14.0,11.927804760928028,9.668274066814533,2.673183738243596,6.0466955515758105,9.90898445108117,12.756431209602946,40.15288625738362,10.726325355573978,8.22101483555768
mordred_ATSC0Z,14.0,547.4387441162024,56.99577474239083,457.9365079365079,505.77142857142843,536.2490090090091,580.2189099668774,663.9428571428574,551.8922707398984,64.17933994909133
mordred_ATSC1Z,14.0,39.406020998118166,14.058125356733042,20.828420256991706,33.0179591836735,37.20832111494532,40.483548676415715,82.08376030296284,41.9643270061876,19.196528816578375
mordred_ATSC2Z,14.0,87.62787245696518,62.46856073856847,-45.50045913682275,73.86030225034207,101.58328888888887,127.0892954661089,153.3930803231215,92.10214117316139,59.3164001138292
mordred_ATSC3Z,14.0,-80.53390189836799,40.60104825485761,-158.68211182891508,-100.35197454316324,-91.92604224058766,-53.52923263875164,-14.276844411979548,-86.88406908037366,53.91928216546541
mordred_ATSC4Z,14.0,42.228204793872514,65.65127185334475,-82.25749559082891,23.5038486169515,50.95591836734694,71.89185536888242,157.59488399762046,36.40846364991097,72.81310210322327
mordred_ATSC5Z,14.0,59.3790515423849,46.45519845731656,-14.17687074829932,27.854539596869756,71.21424397370342,78.49031001061861,134.44163265306125,63.02377987953647,42.33228290400014
mordred_ATSC6Z,14.0,-22.299105235441147,43.2191380240514,-83.27908587257623,-59.45999999999997,-20.203575733273922,3.3194400404789963,41.35863435451917,-22.61655932526942,47.174555364518405
mordred_ATSC7Z,14.0,-152.93157991178646,52.77748866981604,-250.55001259763165,-186.74254496727596,-158.1321318518883,-117.5243301326017,-42.52489795918367,-138.15469622347132,61.205883947688974
mordred_ATSC8Z,14.0,28.762515915029446,87.64518384621985,-121.0995918367347,-19.604329762654906,19.397742382271456,72.12146256018846,183.13811539318337,14.61506267286527,89.09873801483253
mordred_ATSC2v,14.0,1241.1411155774708,342.3607785231365,783.668519121849,888.996030657948,1380.6107512573703,1452.1367321278603,1878.1568615973465,1263.6402319172505,425.36731259835983
mordred_ATSC3v,14.0,-535.8197918730199,331.3932285074456,-1018.5697540736938,-789.0204022035457,-498.5723508691202,-422.07257067121884,99.34160857516837,-558.6053436194466,342.5646598605788
mordred_ATSC4v,14.0,-294.87126082666606,308.7354260422201,-832.1868741208159,-573.468408059919,-171.22891581038664,-65.00456116466957,118.72861976426012,-264.3541104170919,327.8041106147763
mordred_ATSC5v,14.0,347.48080605992794,335.03041717687387,-491.2254373528543,341.0186364825968,422.7357723127127,533.1143889863495,715.7547705153384,325.91518059106096,324.0324938161021
mordred_ATSC6v,14.0,-343.8702744397759,387.84420526667816,-972.573056946664,-601.3749815775599,-364.67283145108854,-192.5154060806537,274.59469708665387,-366.1379056454611,359.59168298578413
mordred_ATSC7v,14.0,-679.367682663665,243.79005065891724,-1147.787771705499,-780.6869394376031,-695.6124026261328,-520.6217397967641,-279.201369393216,-657.936585010134,287.1227261348269
mordred_ATSC8v,14.0,-132.526070688541,327.8347150353162,-802.8459320419897,-219.71178543136435,-166.76647890673766,-88.75730255001572,363.68463485892994,-216.32132803725096,374.96928446561475
mordred_ATSC0se,14.0,4.18477537238607,0.46361300700704333,3.609016257575756,3.8475128069498057,4.032067449430892,4.397978673081021,5.36195137142857,4.309236390635455,0.515968192316654
mordred_ATSC1se,14.0,-0.1662373306910474,0.10240770723934946,-0.3868315706727221,-0.21070635420413103,-0.14936123252874356,-0.10706287616836442,-0.032700251058143,-0.14989014141621418,0.13032437738212466
mordred_ATSC2se,14.0,-0.23453084108114988,0.238854013777614,-0.6747697755102144,-0.398418202072791,-0.23766897599984282,-0.052201619275213273,0.1692822159428956,-0.21278856302225194,0.284110810158969
mordred_ATSC3se,14.0,-0.19508839540615025,0.5339013314083351,-1.1805552913789277,-0.31728881964851086,-0.23680658767528773,-0.0588361170709262,0.9846656095107498,-0.26802437355648556,0.6333605994804096
mordred_ATSC4se,14.0,0.31986109450274874,0.33343417319770813,-0.2996510194003576,0.10049482367347025,0.302737033765149,0.5746958787051684,0.9538756145151698,0.3534285636874166,0.43087042499382616
mordred_ATSC5se,14.0,0.7751588898105579,0.41981250453901175,-0.3760860149367414,0.6765187879818537,0.8671051101020372,0.9921767372559589,1.4114748008163234,0.7655628991317754,0.5062814663093608
mordred_ATSC6se,14.0,-0.112840350689294,0.24150269898825477,-0.7317280888839395,-0.14942374068140207,-0.05575153273194085,0.040414398675353125,0.127374629387749,-0.15369046418120846,0.30221940337691444
mordred_ATSC7se,14.0,-0.6586852349985887,0.37616673697708186,-1.618530516734701,-0.8455437296438753,-0.5853587359610055,-0.47533426933605716,-0.0476723414113631,-0.46957693612542456,0.4480397144287256
mordred_ATSC8se,14.0,0.5684756251173286,0.41920622545562114,0.0912774526359986,0.285964391671819,0.4494593267799176,0.7409449447467631,1.505328304489797,0.5178354224889633,0.39351560827783727
mordred_ATSC2pe,14.0,0.028890846263578955,0.44935582368076976,-0.6578484081632439,-0.1573603209876353,-0.0466995918367142,0.22933875631313322,0.7439879833432572,0.05235108213798601,0.4721013157222651
mordred_ATSC5pe,14.0,1.2324386479742557,0.7235615570677867,-0.5782302088096295,0.9945551743315187,1.4102524077160525,1.5500045948330228,2.512903183673473,1.2043264760240293,0.8096864595833554
mordred_ATSC0p,14.0,16.38675156308477,1.1850753639884286,13.917312649905078,15.479152092393822,16.410035536229955,17.394376967377042,18.268640167160594,16.469171880567295,1.37983873147144
mordred_ATSC2p,14.0,5.838729568498075,2.3319904413617416,1.324301600534611,4.511332030810825,6.770969750771268,6.99966278074605,9.393293156666036,6.0315061875613605,2.5552836709263187
mordred_ATSC3p,14.0,-2.4116363528112075,1.8151633201582054,-5.721001655654071,-3.4791383977697987,-2.8616656683667987,-1.6407841850067275,0.7934803714427395,-2.5160169649020045,1.715701196669488
mordred_ATSC4p,14.0,-2.589239900608419,0.9215604796658208,-4.599632154474095,-2.8272071040745774,-2.285639338534153,-2.079625910355932,-1.6105674744170853,-2.2005271444327366,1.359653372542131
mordred_ATSC5p,14.0,1.17468881385963,1.8778238088129602,-2.7289570856617043,0.9158629328701804,1.4885148976393316,2.1314651926734864,3.712993055560449,1.168828152320557,1.854460808332265
mordred_ATSC6p,14.0,-1.6133619044575378,1.8528604535765427,-4.720655655686197,-2.8991399307172117,-1.3860267335263405,-0.3020670846507504,1.095745068254694,-1.7867794558511976,1.6737858282391787
mordred_ATSC7p,14.0,-1.495226460031726,1.0267163265542751,-3.148680910193157,-2.265581740893001,-1.196198142244834,-1.076636651508733,0.5570629573130796,-1.5580513611026756,1.0832812535294947
mordred_ATSC8p,14.0,-1.238221500476342,1.702291215198335,-4.037866238169281,-2.3013433187345753,-1.1577209225277945,-0.5960196596230312,1.5100069803504694,-1.7446562281487372,2.024062192723637
mordred_ATSC2i,14.0,40.44508403076434,13.035416967622133,21.92107116573611,29.475024830463664,39.53728452973573,49.46519435577389,67.25141857191079,40.93901204271531,15.606939704420222
mordred_ATSC3i,14.0,-11.287433035084376,10.116414081313668,-24.39965385890544,-19.01709186859314,-15.0202291302943,-2.5323271036528654,8.432408042426356,-12.139562612682612,8.433700285921258
mordred_ATSC4i,14.0,-37.585327224864336,8.742655063790863,-51.45624544380284,-43.48766060163903,-35.47682639693733,-29.798734159875256,-24.68290253058068,-32.03242280654014,15.865956026992544
mordred_ATSC5i,14.0,7.419157651443646,12.136103447719202,-19.04294624169504,-0.07694380060675154,8.465791118312293,12.18124103283748,29.98142381566003,7.097985856888863,12.327708578593985
mordred_ATSC6i,14.0,-2.4654183856833427,12.604719614037148,-21.720907857603702,-7.619349706358441,-0.9142108857872839,5.539340991134766,16.91433676331952,-3.8849113309091585,11.834868165146778
mordred_ATSC7i,14.0,1.085412316449027,7.2896267501420615,-15.43198700217139,-0.5019890800332634,1.713855162082678,3.691062601862737,11.78037564047956,-0.3060165185172799,8.221385573591508
mordred_ATSC8i,14.0,-8.52944615686969,13.19240423645825,-33.56649825947912,-12.15014228420008,-8.282008208808321,-5.4429095005647214,17.398555265386904,-11.09544565725154,13.65829683006848
mordred_AATSC0c,14.0,0.019440779417871413,0.0021165573365889427,0.016104183300683,0.018689381551186376,0.01904686882289525,0.019915484068650475,0.0246470513094604,0.0197530801611654,0.0022530680838998497
mordred_AATSC1c,14.0,-0.008830454302027651,0.0009501237774249228,-0.0113299822059586,-0.009221461881618926,-0.00879087150303335,-0.008212581656613076,-0.0076225149540367,-0.008867520620293907,0.001234153210661181
mordred_AATSC0dv,14.0,3.8840973410090007,0.15561387769190743,3.646638905413444,3.800424592242774,3.8518051848404893,3.9459235071806504,4.221224489795918,3.9086869387355936,0.16085096049449257
mordred_AATSC1dv,14.0,1.4987741129485421,0.11449813409843598,1.313177122700932,1.4053585646808173,1.5236923140641345,1.5957304357187496,1.6540321065634496,1.4921187777935911,0.15815261128854735
mordred_AATSC2dv,14.0,0.40316898309098775,0.16206062002928837,0.1800719556070491,0.2794826378702852,0.35631108571100834,0.5158029238586225,0.7379628520603486,0.40164952980778434,0.13350673577633837
mordred_AATSC0d,14.0,0.6079256684332164,0.017560094107814696,0.5836218836565097,0.5960394458418172,0.6082905013857393,0.615995469242972,0.6377076665142508,0.6149355708811709,0.021380323514093063
mordred_AATSC1d,14.0,0.30475913563455614,0.01345670169822652,0.2800608828006088,0.2955419753017334,0.3045010481096806,0.31332120399471997,0.3331507888403285,0.3029278327605393,0.02333818662828453
mordred_AATSC0Z,14.0,7.640270359938254,0.9240001425111884,7.085663295657345,7.118242357990241,7.159999999999997,7.3880513111015045,9.484897959183677,7.660373345100073,0.8911962493136181
mordred_AATSC1Z,14.0,0.5255887583358361,0.20250434440787143,0.3155821251059348,0.4487352649207966,0.4838356164383569,0.516567021853694,1.1726251471851834,0.5555401063984742,0.27457228242787335
mordred_AATSC0v,14.0,49.786490189488134,0.675522857926001,48.78889982062299,49.35165446542728,49.70118155251001,50.18097665520093,51.20606069869259,49.709588251556724,0.7287426426399243
mordred_AATSC1v,14.0,-1.8754688101194403,0.6089205193868937,-2.4500459129505363,-2.411426490642006,-2.0691187574381673,-1.545201750316812,-0.8185719035829822,-1.8253901943465265,0.8440117975147896
mordred_AATSC0p,14.0,0.22834905139981937,0.01634620924496119,0.2169224098935193,0.22074216096296861,0.22201802152171926,0.22272862037815944,0.267027795848696,0.22837804385326776,0.015646476228795454
mordred_AATSC1p,14.0,-0.025362152829674845,0.0059577266324494,-0.0323390371705505,-0.029932239851444425,-0.02705918887576865,-0.02423960805218245,-0.0117512376463838,-0.02552063546619733,0.0069621540765875895
mordred_AATSC0i,14.0,1.5979639925057652,0.08448319254111898,1.5157910571204884,1.5583230593842272,1.5704717868912217,1.6137535796402287,1.864681605400976,1.5991842853590972,0.09394394275401335
mordred_AATSC1i,14.0,-0.5073609911002029,0.06998106774754469,-0.646636291863863,-0.5511586487641287,-0.5081969446769987,-0.47858349396652605,-0.3935265311405778,-0.5026093532209542,0.0804609533506228
mordred_MATS1c,14.0,-0.4563095325768812,0.041757741227986145,-0.5031598402857406,-0.4741202440554941,-0.4684496569251574,-0.4553074676068657,-0.337133624797266,-0.4519995559737379,0.05730619236975298
mordred_MATS1dv,14.0,0.38659039113815324,0.03518733880391082,0.331004699606249,0.35940448053378293,0.39031154171557336,0.4084376415831713,0.4526456194223204,0.38284904715088575,0.046257981253874085
mordred_MATS1d,14.0,0.501426798108956,0.02012225316798718,0.4675209898365002,0.48546926156501424,0.5068094711393085,0.5158755835468116,0.5366344605475041,0.49334063408879253,0.042178208427016806
mordred_MATS1s,14.0,-0.07379665004856127,0.029887773256996646,-0.1410541554968233,-0.0808067277625122,-0.06895752628269655,-0.05117188799608255,-0.0422841621587466,-0.07318444574254973,0.031667346356400984
mordred_MATS2s,14.0,0.09575243389781098,0.03996307659582856,0.0138389519078369,0.08129482072440188,0.09675294387255125,0.11613548240906132,0.1600303748260931,0.10009119919923705,0.041484711184153936
mordred_MATS5s,14.0,0.04022634311869794,0.03955013594204778,-0.0605565226534569,0.022070725645033876,0.0555445321985361,0.06935176908599505,0.0765265716532777,0.04571095835663534,0.04414889724234163
mordred_MATS7s,14.0,-0.11266740349573741,0.02451708762531955,-0.1439159136584872,-0.13885452231445547,-0.1052118592321039,-0.09831689880701087,-0.0757108528674024,-0.09720915822204673,0.036583109216880405
mordred_MATS1i,14.0,-0.3177775004957234,0.04244015470787139,-0.3953787274479209,-0.34718921219259513,-0.3211109746915449,-0.3084535795297557,-0.2416201810359557,-0.3159565695899037,0.05456008840924913
mordred_GATS1c,14.0,1.5600099281834698,0.07897855640920212,1.2990941503028772,1.5653241947447032,1.584918003965659,1.5968502763556274,1.6176054156415418,1.5531806790615987,0.08599848086340468
mordred_GATS2c,14.0,1.3536478319751477,0.09092698266293694,1.1433863653503444,1.3257098337748747,1.3677058557737736,1.389841867816409,1.505911931975979,1.3454155971308845,0.10313904628567969
mordred_GATS3c,14.0,1.0660587202405558,0.06778704956137321,0.9686055909842458,1.0166693344978848,1.059187003511445,1.0945710374918072,1.238256047835368,1.069159429242675,0.07522710556727356
mordred_GATS4c,14.0,1.0505445760252823,0.04694356029230019,0.9671902034002045,1.0228564282914325,1.0543770075521812,1.0805845962387957,1.1366344644034037,1.0330053445170508,0.06489047208176318
mordred_GATS5c,14.0,1.1145464586819298,0.1129857085953181,0.8994751155742606,1.0593612771488186,1.1139629586073814,1.1474709520621156,1.3480009058539597,1.101273037993926,0.11022401065624855
mordred_GATS6c,14.0,1.2797166186376967,0.06651094997455027,1.1764278436843163,1.2380551911732294,1.268009534242328,1.3066383882274377,1.4034666763580794,1.2617811901805192,0.09362111846775072
mordred_GATS7c,14.0,1.263160317987522,0.06887907759862899,1.1554991464312852,1.238629065937181,1.2472567717646341,1.299040293393902,1.3904351564294042,1.240039078932605,0.08286162992053614
mordred_GATS8c,14.0,1.0678378554736976,0.06272188998739728,0.9281948021859244,1.0427422787796206,1.071740428003295,1.0878918561965834,1.1739697934722482,1.074869919612518,0.06404548386909784
mordred_GATS1dv,14.0,0.5180541640269436,0.022847019812328912,0.4814223421981917,0.5100242086122515,0.5244925816236998,0.5280001846200615,0.5631471672862087,0.5158438360393095,0.020687457373171774
mordred_GATS2dv,14.0,0.998680502846514,0.05657931393534813,0.873933862674745,0.9732574247405641,1.0162623966543634,1.0385378495353939,1.067979197622585,0.9948222561888834,0.0636676403217829
mordred_GATS5dv,14.0,1.0007246049738125,0.06043095899838522,0.906547135099999,0.9741218775256909,0.9990531144197051,1.0206216238606762,1.138196866067019,0.9980329911282797,0.06067816253297376
mordred_GATS6dv,14.0,1.1446787285127207,0.044589356783446985,1.068076812626063,1.125492108529009,1.141644303015251,1.1606555289067906,1.231221165841164,1.1339986791066614,0.04513595478460955
mordred_GATS1d,14.0,0.6432633644059124,0.026078618191929085,0.5942905420427765,0.6320327313056131,0.6477348272284307,0.6626038667242404,0.674143618370972,0.652355236620231,0.04971111309672069
mordred_GATS2d,14.0,1.1804875536800972,0.03738963952240423,1.1153884863123995,1.1723339637608745,1.1774357914400286,1.2093853739322307,1.2316623166231664,1.1817029929297085,0.05570850954553378
mordred_GATS3d,14.0,1.2076942437374185,0.05093433202282281,1.1219946457438228,1.178549981713075,1.1930109270850373,1.235904054319267,1.3021684368191724,1.200017352083892,0.04957365354800058
mordred_GATS4d,14.0,1.0940240275857334,0.06068147058118453,1.0229000844857488,1.057760303295519,1.0825349616569746,1.1126184769122536,1.2240528733900735,1.0830022581593217,0.05376037837719238
mordred_GATS5d,14.0,1.1115919889025245,0.0525520553795361,1.0087436332767403,1.0890483543522682,1.1142412608614434,1.1425277178638513,1.1955570326839842,1.1119066074131387,0.05777395168610491
mordred_GATS6d,14.0,1.140853278687881,0.030975862079976508,1.1029365342270898,1.1243187073917817,1.136853894516838,1.141992920966186,1.2277955040466797,1.1365070086030893,0.0410899841448354
mordred_GATS7d,14.0,0.9756409525965931,0.0619245177194552,0.8941278377703634,0.9340064997876136,0.9576280019327452,1.0030316165666386,1.1175449467630385,0.983260952316756,0.05874636554999352
mordred_GATS8d,14.0,0.9557106771802648,0.07072114358333415,0.8386293369975959,0.9133261432174755,0.9381139481067962,0.989907636992452,1.0762033091943817,0.9722784580112435,0.0713455593781178
mordred_GATS1s,14.0,0.7127731049138314,0.05050399115518323,0.6176847615868474,0.6892175549799472,0.7083659283498982,0.7236782465874096,0.8126897709988884,0.7087733883933964,0.041712909161465285
mordred_GATS2s,14.0,0.635968774343229,0.049852641703592826,0.5691498264558625,0.6045083459203918,0.6245673504728229,0.6554134036341956,0.737577173457901,0.6369735302963819,0.04433699155315613
mordred_GATS3s,14.0,0.91994729240196,0.08989254929242933,0.8487150229961731,0.8751087236361261,0.8884743229647234,0.9375031235810758,1.1991871258956626,0.9322664912252704,0.14492899911760315
mordred_GATS4s,14.0,0.8041933004660107,0.08863949624381125,0.6100998041239543,0.7731725910035938,0.8155554713433804,0.8347039407816514,0.9920162281553572,0.8246185133790258,0.08386500888649416
mordred_GATS5s,14.0,0.894459251416135,0.22592609410523934,0.5917220209637545,0.7642866498968244,0.7813884843082919,1.051272989862281,1.3706270830368312,0.8511120522372367,0.2289255296409116
mordred_GATS6s,14.0,1.043196691061519,0.15221939318244765,0.8572288012040686,0.9963233542054482,1.021281672541647,1.0285883885337708,1.4156899722362373,1.0296854984998434,0.13875060846881657
mordred_GATS7s,14.0,1.4497804051564223,0.14020065817764088,1.178556249238224,1.3837125446296918,1.4576637925178304,1.4836734101551774,1.7766951118914447,1.3907317630584468,0.17641966203773146
mordred_GATS8s,14.0,1.0003005730842713,0.11167991987225395,0.7839840076305894,0.9758447908673838,1.0010942863371348,1.0360351371039873,1.261566957882732,0.9921493562154706,0.10724725904780144
mordred_GATS1Z,14.0,0.803430002331039,0.04545677133001185,0.6918816251604891,0.7832805276847978,0.7994777098177209,0.8260175578611336,0.8823766464019914,0.7997995953746927,0.0407794367234979
mordred_GATS2Z,14.0,0.8859836292474189,0.11192278202070409,0.7245150394958634,0.8470217658678525,0.8599218315366479,0.8872874210481538,1.143098785070629,0.8793899654437323,0.10173387277793641
mordred_GATS3Z,14.0,0.9934443408467013,0.03229697373343181,0.9371096659180072,0.9745252017316566,0.9952226395670714,1.022736969870798,1.0334521472789633,0.999774363062343,0.0454827094642852
mordred_GATS4Z,14.0,0.8989236006063017,0.049018645685110225,0.8000500258197777,0.876957179284072,0.9049648521249852,0.9300809866207735,0.998281077674492,0.9040668397337948,0.05399319140812061
mordred_GATS5Z,14.0,0.9342061602323316,0.05940515125355118,0.756582015645974,0.9332862810667741,0.9411230484709465,0.9672150193517872,1.0087964136150458,0.919830876897021,0.06695756596290948
mordred_GATS7Z,14.0,1.1088982442298052,0.055142919505520735,0.9988895529508596,1.0798401745451998,1.108848780536285,1.1417586681549694,1.2226625979521748,1.094369617560023,0.056783856291942526
mordred_GATS8Z,14.0,0.9870830520786111,0.09004538485146547,0.8498073996009909,0.9536806321805067,0.9915777934348018,1.023325870409773,1.2196333323968644,0.9960778715776257,0.08517187573557292
mordred_GATS5v,14.0,0.9262781441906682,0.03969200507876715,0.8814385933807458,0.9075535755196211,0.9185016518570949,0.9342299938842585,1.0258019967001633,0.9315407647430001,0.040670332444323776
mordred_GATS1se,14.0,0.8833216739664362,0.04850306804871736,0.7731906356394577,0.8846270351121247,0.8969671499532124,0.9049060600441148,0.9390455323882628,0.8734831348368141,0.05827462412726932
mordred_GATS3se,14.0,1.0046749522892797,0.07857976846577133,0.8474787263275826,0.9756037553051407,1.0003500524212028,1.0477114465959005,1.1827421169156054,1.0035271464641644,0.09565109687030042
mordred_GATS4se,14.0,0.8738032247756858,0.05224048506969808,0.7859715007929237,0.838698802904557,0.879511013713654,0.8990539539471469,0.9693652987446952,0.8772771180678164,0.05762755595656485
mordred_GATS5se,14.0,0.9634447584457176,0.1368363216419304,0.7831878453314687,0.8901581122393384,0.9231702675350655,1.0189243904568317,1.216240295134169,0.9365399641829971,0.14053437592846835
mordred_GATS6se,14.0,1.201099572176908,0.09878102293241024,1.0421178911230302,1.1373717239340193,1.191112106843856,1.2429834553085095,1.4152320151002409,1.1820584451955323,0.08863496687800251
mordred_GATS7se,14.0,1.3165413291494927,0.08956465669951223,1.1935524163328892,1.2649979914406588,1.302452302935332,1.3482315767299728,1.4857780630737258,1.2711821388012352,0.10997922424954659
mordred_GATS8se,14.0,1.0359708391618139,0.08585073721437772,0.8386319144933619,1.0006988150637204,1.047476045521557,1.0942614513669326,1.1437387356248618,1.0406073845418033,0.08571102817203749
mordred_GATS1pe,14.0,0.8048633753221367,0.035523770339298814,0.71895518373287,0.8015622182580318,0.8078583499564332,0.8221924529375404,0.8543848169364735,0.7968940068136624,0.03836340505286847
mordred_GATS3p,14.0,1.0684111810050634,0.05977577228853076,0.9775192359420376,1.0262721767251843,1.0833962795210366,1.1143904517182577,1.158775391743131,1.0746270475748543,0.05992057062998055
mordred_GATS4p,14.0,1.0467820675584798,0.05111193146850623,0.9410604834553412,1.0468629010241646,1.0539382009626745,1.062278236991089,1.1203042819305575,1.0347006032371286,0.0568913722103228
mordred_GATS5p,14.0,0.9313749657157822,0.04946179541763754,0.8560649600841933,0.9047681829215506,0.9276903013338766,0.9520223327893561,1.0449928473557093,0.9310008462289927,0.054646400600736444
mordred_GATS7p,14.0,0.9883646441088614,0.0231499925020441,0.9395804403132764,0.9774173189130398,0.9880658771884538,0.9949513911635123,1.031185270077133,0.9917617802563763,0.023425711272867827
mordred_GATS1i,14.0,1.5405348889915689,0.06629068123044726,1.4160616586827082,1.4826682823006982,1.5653232327618278,1.5927453838957302,1.6204252885731716,1.5387123083615737,0.09021707112554346
mordred_GATS2i,14.0,0.9398993529227562,0.05455756375724416,0.8599221698754691,0.8861466562918202,0.9534779597512602,0.9736271460339608,1.0248864130915107,0.9377744469584006,0.05922561138936912
mordred_GATS3i,14.0,1.1645156462119315,0.0399777326981394,1.081800042133685,1.1388716803573775,1.177145248787546,1.1945629006862295,1.2170348845787988,1.1663267240639064,0.044529159651490784
mordred_GATS4i,14.0,1.1540882035511546,0.028785415160624477,1.081226881336601,1.1430001611445844,1.1522953862539413,1.1730269370885074,1.1947467151254485,1.1367535844197272,0.04605944354755901
mordred_GATS5i,14.0,1.0131883818128273,0.04170165835246426,0.9313684256474614,1.003400656594162,1.0117662723784737,1.0291771013799946,1.104969564842744,1.0154191210165404,0.03824001630470249
mordred_GATS6i,14.0,1.0382659288753495,0.04691153143531976,0.9686557701222698,1.0068992547886575,1.0257952287054222,1.0662454403215216,1.1102308287960632,1.0484841776487972,0.043177951241384044
mordred_GATS7i,14.0,1.013263874005405,0.030593061901378164,0.9697326000866876,0.997871425236712,1.005514170094875,1.0216668262987447,1.086488132108841,1.0177061732034052,0.03300254476084962
mordred_GATS8i,14.0,1.0002109583636558,0.05176473484028615,0.8812075853226146,0.9769982982829195,1.000503410886473,1.0384742624982404,1.0804310535404864,1.0086205828677186,0.049670692670147724
mordred_BCUTc-1l,14.0,-0.5343761981189845,0.02984443459153103,-0.6380675862934315,-0.5264010925289304,-0.5263996204061585,-0.5263984524199117,-0.5263968216296568,-0.5361106538761258,0.03534795353373231
mordred_BCUTdv-1l,14.0,0.9176666046461285,0.1580600665029074,0.521638624438307,0.9876062741771251,0.9938939402526064,0.9940228054701508,0.9960201498285788,0.920371584725938,0.14597526263329677
mordred_BCUTd-1l,14.0,0.9640012531026825,0.009859908444603152,0.956148083896781,0.9571001660283956,0.9571098096524611,0.9762834608921154,0.977813733696144,0.9627473128308836,0.009087112660281227
mordred_BCUTs-1l,14.0,1.2430756835730912,0.3149207516521726,0.3973710440945011,1.321444838619419,1.382186671034939,1.382186841202982,1.3887698540814393,1.221450595664698,0.3217494250515694
mordred_BCUTZ-1h,14.0,9.873797503965948,3.518876454537858,8.022180079210068,8.022181836088444,8.022190344174426,8.758628157693199,17.001104498485624,9.942731583004177,3.4999858657575116
mordred_BCUTZ-1l,14.0,5.674563809280144,0.0005692243423192953,5.672646175432907,5.674714884466154,5.674714884895436,5.674714885356234,5.67508582847292,5.674208462735449,0.0012082433977268418
mordred_BCUTv-1h,14.0,21.528224674156586,1.2978103887847712,20.91388416313892,20.91479339611544,20.915258539491113,20.918094793217676,24.43601411700226,21.55148617790596,1.292444811577216
mordred_BCUTse-1l,14.0,2.419191561964552,0.0007962675600018662,2.4165216362159345,2.4194321109809893,2.419432112290333,2.4194321136900663,2.419763627474562,2.4188590730509305,0.0012898143997297413
mordred_BCUTp-1l,14.0,0.7371254635666197,0.055052439115566426,0.5458515016186138,0.7518385874552935,0.751845597950749,0.7518506437215017,0.7518526123008353,0.7365744099070154,0.05497299767610742
mordred_BCUTi-1h,14.0,14.765231688572012,0.7654721029474262,14.555572230336145,14.560360712113125,14.560667180871304,14.560693275251527,17.42477506912079,14.772737802454927,0.7644003543072029
mordred_BCUTi-1l,14.0,10.849851558006959,0.21845499549797576,10.33242999537972,10.93577057768417,10.93591648298099,10.935916483182428,10.936305573851763,10.845645537228565,0.21932078769820992
mordred_SM1_DzZ,14.0,1.723089235694278,0.26011669799861864,1.5,1.5000000000000004,1.6250000000000004,1.9047619047619049,2.2321428571428577,1.7630978317252834,0.27688937587554086
mordred_SM1_Dzv,14.0,-3.152155735794172,0.34268222293681466,-3.991235238550339,-3.2926722874562735,-3.033261353820053,-3.033261353820053,-2.5563578504051563,-3.2038426863853875,0.3143627139756221
mordred_nBondsD,14.0,1.9285714285714286,0.4746311465493234,1.0,2.0,2.0,2.0,3.0,2.0,0.6201736729460423
mordred_nBondsM,14.0,25.071428571428573,2.6447127432871604,24.0,24.0,24.0,24.0,33.0,25.0,2.2013981571160284
mordred_RPCG,14.0,0.07494843728950087,0.003490756074802265,0.0683184239942357,0.07349185452745015,0.0750446461289625,0.07625587178907603,0.0810283885865769,0.07552690523343432,0.005286925464432187
mordred_C2SP1,14.0,0.07142857142857142,0.26726124191242434,0.0,0.0,0.0,0.0,1.0,0.037037037037037035,0.19245008972987523
mordred_C1SP2,14.0,4.214285714285714,1.1883130530663677,2.0,4.0,4.0,4.0,7.0,4.185185185185185,1.001423488265081
mordred_C2SP2,14.0,14.214285714285714,0.6992932067530678,13.0,14.0,14.0,14.0,16.0,14.074074074074074,0.7299065233052331
mordred_C3SP2,14.0,2.142857142857143,0.3631365196012815,2.0,2.0,2.0,2.0,3.0,2.259259259259259,0.44657608470472243
mordred_C1SP3,14.0,2.5,0.8548504142651103,2.0,2.0,2.0,2.75,4.0,2.5925925925925926,0.7970744227031974
mordred_C2SP3,14.0,0.42857142857142855,0.9376144618769909,0.0,0.0,0.0,0.0,3.0,0.5555555555555556,0.9740215340114144
mordred_C3SP3,14.0,0.0,0.0,0.0,0.0,0.0,0.0,0.0,0.0,0.0
mordred_Xch-4d,14.0,0.0119047619047619,0.044543540318737376,0.0,0.0,0.0,0.0,0.1666666666666666,0.012345679012345675,0.0444800427236353
mordred_Xch-5d,14.0,0.10227651336472816,0.0631529292769671,0.0785674201318386,0.0785674201318386,0.0785674201318386,0.0785674201318386,0.2926435951945342,0.10235366180547144,0.06056376824804137
mordred_Xch-6d,14.0,0.5000988823071015,0.08868928300733323,0.4342498100515403,0.4572616746278233,0.4572616746278233,0.5197616746278233,0.6987097421251142,0.5067062258948549,0.10127149711487142
mordred_Xch-7d,14.0,0.8247878688634794,0.1231602934416768,0.7492666127194345,0.75581249984046,0.75581249984046,0.8121065553423736,1.1178319876459932,0.8532360129430521,0.1435059760036463
mordred_Xch-7dv,14.0,0.22666546760560163,0.04949428666481721,0.2024814309243409,0.2024814309243409,0.20272913133655635,0.21484859252879365,0.3772360163521098,0.24597844900132368,0.07425555895609166
mordred_Xc-3d,14.0,2.6231132719112473,0.27225450696816483,2.17520152123626,2.531673116403486,2.583449811700123,2.8221436041674925,3.1744274883602044,2.7247036440762105,0.36072213410730647
mordred_Xc-5d,14.0,0.5678429517784837,0.10218788444666098,0.4947936345413135,0.5229772976622741,0.5229772976622741,0.5435062169882203,0.8265384985032604,0.5730972998401936,0.09917459772186597
mordred_Xpc-4d,14.0,5.913224009678087,0.5514492321933848,5.403325442534932,5.647979102154613,5.692000577129745,6.007017922888364,7.5532236157870845,6.056822514820418,0.5555746343701031
mordred_Xpc-4dv,14.0,2.307643848998949,0.20697024788330393,2.0141106013757306,2.2319829172797014,2.281651528338789,2.3642254216525758,2.869892635239876,2.3879599900153234,0.2877387796972497
mordred_Xpc-5dv,14.0,3.007082696218554,0.23877882277926626,2.7653809980376978,2.877591367931286,2.9287655674790725,3.0795251469830474,3.751756629826813,3.119206592606089,0.36611163502978655
mordred_AXp-0d,14.0,0.7133690525102251,0.006663947169420189,0.7012549769262126,0.7074141130932877,0.7164251882566547,0.71692888593612,0.7209634807273558,0.7126731240847947,0.007289424360491249
mordred_AXp-1d,14.0,0.4437464998916209,0.004007601294233685,0.4345517148731963,0.4413668444716061,0.4449816012732954,0.4469203047404038,0.4485064012712524,0.4424878675115497,0.004575790881905859
mordred_AXp-2d,14.0,0.2846653921501186,0.00420545915711631,0.2776616781780516,0.2806456705683858,0.2863950341856468,0.28719480384531976,0.2913438709169584,0.28375708217263246,0.004696381901750702
mordred_AXp-3d,14.0,0.17676721224955422,0.002133813169785992,0.1715712614852062,0.1767667310746332,0.17772640716696203,0.1780169850385957,0.1787424812656362,0.17612484233914347,0.002541100699422218
mordred_AXp-4d,14.0,0.1097191766141095,0.0015974438437089621,0.1057995760498106,0.10917297638098965,0.1096153045722402,0.11072529327493122,0.1119787254603312,0.1090203924072901,0.0021442300388993273
mordred_AXp-5d,14.0,0.07094126739060726,0.0013405696496687144,0.0681105667542902,0.07039033372160469,0.07132446925692004,0.0716172968886905,0.0727867138228987,0.0705663380881609,0.0016631872278256108
mordred_AXp-6d,14.0,0.04561697555559916,0.0010261314932524571,0.0429293433205935,0.0457253553428985,0.046062466691795395,0.0460785216645382,0.0463343787386085,0.04527517731995591,0.0011495437337222033
mordred_AXp-0dv,14.0,0.5916144783322038,0.012406977799807099,0.5699253598252404,0.583763007358756,0.5906754396753153,0.6025324486935061,0.6135242530504869,0.5903691920326422,0.014359542339685945
mordred_AXp-1dv,14.0,0.3048547834147319,0.014298814325192793,0.290793558119163,0.2952677938233814,0.3000848683114695,0.3082856099597565,0.3387164444681676,0.30417675282958867,0.013111644300462886
mordred_AXp-2dv,14.0,0.16352020026330694,0.008093796263483095,0.150367818410866,0.15874556886647684,0.16180708391180332,0.16667595049123024,0.1826973643743535,0.1637525540145068,0.00874867264542228
mordred_AXp-3dv,14.0,0.08368813274638666,0.0036033064248138466,0.0783234010222948,0.08206223245972416,0.08282531048166665,0.0846700779823165,0.0919873370788309,0.0842594767559708,0.005001529397520423
mordred_NdCH2,14.0,0.7142857142857143,0.4688072309384954,0.0,0.25,1.0,1.0,1.0,0.8148148148148148,0.4833407013879895
mordred_NssCH2,14.0,2.642857142857143,0.9287827316640651,2.0,2.0,2.0,3.75,4.0,2.925925925925926,1.1742731279039722
mordred_NdsCH,14.0,0.9285714285714286,0.615727926214882,0.0,1.0,1.0,1.0,2.0,0.8888888888888888,0.5773502691896257
mordred_NaaCH,14.0,9.357142857142858,1.3926810257774174,8.0,9.0,9.0,9.0,13.0,9.074074074074074,1.4121975762272054
mordred_NsssCH,14.0,0.07142857142857142,0.26726124191242434,0.0,0.0,0.0,0.0,1.0,0.07407407407407407,0.2668802563418119
mordred_SdCH2,14.0,2.543447504956684,1.6695080731177876,0.0,0.8773925729686536,3.5453238963939895,3.578784174677782,3.596839605887918,2.9152506604631516,1.7558834711554243
mordred_SssCH2,14.0,2.0084416513022516,1.0237882576261323,0.338829193121819,1.5511205661718104,1.6117031345563664,2.3345612806555494,4.031785896668667,2.2319654634101926,1.345302893483616
mordred_SdsCH,14.0,1.2867333709980735,1.0455510199698421,0.0,1.200581711877592,1.2422923215329766,1.2541889737123668,3.4795703995867027,1.1894775773153436,0.9274781141142465
mordred_SaaCH,14.0,18.044859748647365,2.605418027903908,13.65784099704538,17.31072693999016,17.549042241037156,17.73907772507154,24.24619323251315,17.558072050725087,2.4799101259386656
mordred_SdssC,14.0,-0.3111264027891571,0.0973041164251902,-0.5948239452664876,-0.3287711384324493,-0.30172365198575124,-0.29208659286714056,-0.1788204227928393,-0.33072430057481267,0.09889115576463534
mordred_SaaaC,14.0,2.2901456500887565,0.40667522679883034,1.6546635193895232,2.215833551566595,2.2430271918637725,2.254423514589937,3.5747077409946835,2.2807470833351604,0.3011779950149484
mordred_SssNH,14.0,6.230940251521291,0.12739210741441478,6.036925497737464,6.126217248310693,6.219351853771878,6.324006547750061,6.428365142848645,6.215305905500817,0.18777116431350452
mordred_SaaN,14.0,10.190077325816718,2.640601574497801,9.062026532069822,9.198050806716934,9.230556545927215,9.321396254208754,18.5435097373172,10.048538561388362,2.163025094279156
mordred_SdO,14.0,12.459336947535286,0.3823641945945953,12.073219966515214,12.220544859435346,12.264198664707454,12.59799224463943,13.31031596837229,13.320058322736784,4.581458972642319
mordred_SssO,14.0,5.721988214287715,0.06040457690111202,5.605276003741461,5.692293214818279,5.710111958477516,5.75151828639067,5.845400484089158,6.318696689839991,1.7643238684167362
mordred_MAXsCH3,14.0,2.0325746041459873,0.030641674499069307,2.004668288324457,2.0135936245803006,2.023499226334499,2.032256077174579,2.10602674682156,2.0073604252371275,0.12086102849972452
mordred_MAXssCH2,14.0,0.8342051187398765,0.19270755088289934,0.3780532749107925,0.8234168164877754,0.8441570464122303,0.9102019652980584,1.2078795233531667,0.8360366474349024,0.21630205364202137
mordred_MAXsssN,14.0,2.0816113868600086,0.1034372094171023,1.8220609013935127,2.0842551476229,2.1037584997551075,2.1099926705619048,2.280389583318009,2.0818803457677357,0.09438217883131417
mordred_MAXssO,14.0,5.721988214287715,0.06040457690111202,5.605276003741461,5.692293214818279,5.710111958477516,5.75151828639067,5.845400484089158,5.714536061737344,0.10142491275288887
mordred_MINaaCH,14.0,1.6894857278605657,0.09981634523471154,1.4401589455754822,1.6683159332884259,1.705762681958535,1.7299412626748485,1.884096566095574,1.6756796206130968,0.14788721190163326
mordred_MINaasC,14.0,0.35977792533118896,0.20128107011797958,-0.3131193665641993,0.38097181596595386,0.4131021364264511,0.4250349722552782,0.5541146075178363,0.3423738832184404,0.2580382371086193
mordred_MINssNH,14.0,2.9418864431362346,0.0848427972403033,2.81770686584026,2.8901754057710254,2.9173561005341377,3.0150600050125957,3.0718626670496327,2.9195912940917177,0.1242695066324041
mordred_MINaaN,14.0,4.3997655107317515,0.1428729411454118,4.017398150346871,4.389300306976173,4.426965931019637,4.446005235044737,4.6647589038377415,4.424693493524451,0.17884265469980914
mordred_MINssO,14.0,5.721988214287715,0.06040457690111202,5.605276003741461,5.692293214818279,5.710111958477516,5.75151828639067,5.845400484089158,5.677557109467925,0.13280945346422574
mordred_ETA_shape_p,14.0,0.1749803322871895,0.02490761290829555,0.1298701298701298,0.15876064272453744,0.1758066614623991,0.1908396946564885,0.2226296490309061,0.17410736387962605,0.029165924343890023
mordred_ETA_shape_y,14.0,0.3551539394217424,0.015877296507758046,0.3333333333333333,0.3444044336289933,0.35431018432321726,0.3670921324601498,0.3826771653543307,0.3562112090960343,0.018284495859172117
mordred_AETA_beta,14.0,1.3342603317124222,0.040126931077618715,1.2560975609756098,1.3113613360323888,1.3366820768136558,1.3416483918128654,1.4055555555555554,1.332766733554476,0.03876392440069031
mordred_AETA_beta_s,14.0,0.6750276950568075,0.011997949477933954,0.6585365853658537,0.6678571428571428,0.6756756756756757,0.6790232793522267,0.7055555555555556,0.6768533878400781,0.01121745611464681
mordred_ETA_beta_ns,14.0,25.428571428571427,2.1913917500524187,24.5,24.5,24.5,24.875,31.5,25.444444444444443,1.938146087479026
mordred_ETA_beta_ns_d,14.0,2.0,0.19611613513818404,1.5,2.0,2.0,2.0,2.5,2.0185185185185186,0.2587500086020616
mordred_AETA_beta_ns_d,14.0,0.05204334897164527,0.006067203216433395,0.0394736842105263,0.0494058786741713,0.0519568151147098,0.054054054054054,0.0657894736842105,0.052099115143947335,0.006669923813336367
mordred_AETA_eta_L,14.0,0.2102254979898745,0.011152416056950103,0.1964659583053922,0.20132687904162544,0.20797998629606235,0.2206184365021775,0.228360110201698,0.21034778426116582,0.011518383545634768
mordred_AETA_eta_RL,14.0,0.4821748734358337,0.0022125573932101476,0.4782090223945788,0.4810611905657249,0.4824338251551752,0.48385558027776054,0.4858173708810604,0.48200344576211396,0.002630512739835971
mordred_AETA_eta_F,14.0,1.210929226571489,0.05205373259727734,1.1428865329627789,1.1726298101575148,1.2130481078221427,1.214883093421642,1.3452991271851795,1.2138504506824999,0.04860911553378449
mordred_ETA_eta_B,14.0,0.6018234092696263,0.09490906372245855,0.4531534688928005,0.5510885770225036,0.6149495114412744,0.6687082418952759,0.7422707113790992,0.6130036746266055,0.10898975833058341
mordred_ETA_epsilon_3,14.0,0.44152181755109404,0.0012235640302761812,0.4401709401709385,0.4407407407407394,0.4409523809523796,0.4423100570926643,0.443999999999998,0.44179894770286343,0.0013796590490400568
mordred_ETA_dEpsilon_B,14.0,0.057407033727265376,0.0054648370636253525,0.0455121951219514,0.05502457002457015,0.05830665587344855,0.06037569573283888,0.065961199294533,0.05753688530131134,0.006318903156954363
mordred_ETA_dEpsilon_D,14.0,0.027629037744289153,0.005539009098061887,0.0222537431048071,0.0249322493224932,0.0265188265188264,0.02718671679197985,0.0421804511278194,0.0272409461493539,0.005517419297443604
mordred_ETA_psi_1,14.0,0.5761208158156091,0.010484984406904511,0.5539375928677566,0.572296376505901,0.5777287761852263,0.5830340353729881,0.591836734693878,0.5740986198463343,0.012264324419561172
mordred_fragCpx,14.0,311.45285714285717,73.54030715073317,254.09,268.0925,278.595,342.59,520.12,323.50444444444446,69.78167752317736
mordred_IC1,14.0,3.7477900921085516,0.07658168922563538,3.624616275257434,3.690445890956433,3.7793553628361884,3.7898568429144923,3.864180457714391,3.75837499665376,0.08596894191503754
mordred_IC2,14.0,5.04052395562204,0.09334399883883963,4.875362481076148,4.967400467768863,5.038203430588555,5.109605979754636,5.18520038435846,5.049240916045965,0.10713548474630348
mordred_IC3,14.0,5.635155020522697,0.0641871648025338,5.553964130597149,5.568219623933292,5.631557546628475,5.677324693136084,5.740722533588563,5.624207127057825,0.062327698263807456
mordred_SIC1,14.0,0.608237530620008,0.020824772725467587,0.5701276643312609,0.5952983686976804,0.607866221185082,0.6227700455009958,0.6464780815303981,0.6094651728242414,0.023230423857687844
mordred_SIC2,14.0,0.8178817928968236,0.02156358851483732,0.7948344059852775,0.8052417431715249,0.8098850096379062,0.8234271815354949,0.8558970199934984,0.8186174901223218,0.02471221899614032
mordred_SIC3,14.0,0.9142423827898295,0.012228607354529656,0.9016260936064476,0.9066071520279756,0.9082558977870587,0.9150267108329135,0.9408748885954916,0.9116892785052193,0.014204166149193963
mordred_SIC4,14.0,0.9202119815919118,0.012201362006191421,0.9054625142735098,0.911957920675023,0.9166977487980374,0.9228354254275051,0.9461860053831164,0.9180264223387048,0.013348960047022183
mordred_BIC3,14.0,0.8735853661945521,0.010378838859346321,0.8622018913727806,0.8676451198249953,0.8692763483016568,0.8761166733064303,0.8947514234252233,0.8709470614243083,0.011800550002507543
mordred_BIC4,14.0,0.8792854879065067,0.00996492717092622,0.8687705612748806,0.8721028645399159,0.8755576054414622,0.8811204619473612,0.8998021792305978,0.8770015085656505,0.010863484809092305
mordred_ZMIC1,14.0,58.45283526726134,3.838881334863425,53.70906366714644,55.883967223900136,57.66034661071068,59.40922227780847,67.41630755389146,58.26006095501112,3.6404434829676426
mordred_ZMIC2,14.0,31.923999142960376,1.6654904532109713,28.959555869436784,31.648913648154853,31.861291014129094,32.16683405261372,35.62405376962087,32.06940671231434,1.7790005416756225
mordred_ZMIC3,14.0,27.067320120861314,0.8878909817609928,25.252940815341358,26.733255573059797,26.91503332473075,27.494162296816043,28.996196001454223,27.390519535023937,1.0921974581105884
mordred_FilterItLogS,14.0,-7.194744964596077,0.5791438032983542,-8.17690381764834,-7.401650438494444,-7.25804400809514,-6.864775338966253,-6.208723148921927,-7.258676720700201,0.54606278482875
mordred_PEOE_VSA1,14.0,30.06830035120586,2.3134064035857618,24.837449540454543,29.73735927130502,29.73735927130502,29.73735927130502,34.84388666614573,30.432594233372747,2.887665656417143
mordred_PEOE_VSA8,14.0,63.98756634233805,9.965861212754875,49.021774600820194,61.15893834770697,61.85982962426303,62.11128741264534,86.93887075301346,62.19509292508912,9.459004438839061
mordred_SMR_VSA1,14.0,10.899701545803769,2.252264456573504,9.53140013787187,9.53140013787187,9.53140013787187,12.824211423627986,14.637927532712578,11.602803354579304,2.949971404852606
mordred_SlogP_VSA1,14.0,20.270349892663198,8.004984581320799e-15,20.270349892663187,20.27034989266319,20.27034989266319,20.27034989266319,20.27034989266319,20.61518986046132,1.840903133374566
mordred_EState_VSA1,14.0,1.220216728766914,3.2693152829685266,0.0,0.0,0.0,0.0,11.175854473385288,1.822155795952322,3.7255048885683966
mordred_EState_VSA2,14.0,7.204043400268207,2.750682432637064,5.032286352113597,5.907179729351506,5.907179729351506,5.907179729351506,12.514061693864424,8.088393600921082,4.497489435843806
mordred_EState_VSA3,14.0,27.74421087114904,5.830146615569824,22.94214716048606,23.07262366363752,25.85434940948602,29.491651175358943,41.057619950980445,28.225448654496617,6.231223997989466
mordred_EState_VSA4,14.0,40.11503036162121,10.498143146141539,22.16030441862652,36.468781809207435,40.93720350513522,44.97687166598383,59.4727747458357,40.45565076617398,11.500055557492916
mordred_EState_VSA5,14.0,6.468677376882945,8.29012081680037,0.0,0.0,6.076020106833881,6.076020106833881,29.82058828476696,8.918826340502441,8.235617064791699
mordred_EState_VSA6,14.0,21.96157996143673,8.81415689451741,13.185817648111414,13.30664111289061,19.44307295211409,25.581426836101173,37.83306239303998,19.865182531950804,9.95441398293246
mordred_EState_VSA7,14.0,55.19862318454137,12.115394804807794,37.37950732498524,45.68477586616291,54.906111069980426,63.07229857436302,74.37152864666727,51.37097567167706,13.596203792809742
mordred_EState_VSA8,14.0,50.19591065559819,11.205849033114864,31.99631087425932,41.25075703470183,53.29803106793568,55.15158936765607,67.67187880400591,52.405478809190875,11.908888978011996
mordred_EState_VSA9,14.0,10.549480038335295,3.6653145941630547,4.736862953800049,9.720841474747257,9.720841474747257,9.720841474747257,21.32178136497977,10.552713070266647,4.134546724101243
mordred_EState_VSA10,14.0,6.162838592003722,2.2522644565735046,4.794537184071822,4.794537184071822,4.794537184071822,8.087348469827937,9.901064578912528,6.360396893800281,2.8697458788377515
mordred_VSA_EState1,14.0,9.762444382123965,4.590534298352922,7.67380203907326,7.782765726322395,7.842638028351308,8.051432786880973,21.62198553891983,10.911978356765301,5.9653510794731694
mordred_VSA_EState2,14.0,26.373608300608247,3.3359096265621146,23.0127155385171,25.458981922681268,25.711701987095815,26.21090181688289,36.038178184562135,26.112304693201196,3.0382814604510835
mordred_VSA_EState3,14.0,8.716275708797344,3.361894648167599,6.859225391085545,7.307177873997677,7.402120027271161,7.5426078704781725,16.717398960102223,8.829644671758693,3.5486225423607074
mordred_VSA_EState4,14.0,5.224448828314914,0.8201667528772332,4.260786181866803,4.74633483512644,5.044952652994637,5.317571530202364,7.668190356211996,5.321571009504209,1.0164107641317017
mordred_VSA_EState5,14.0,0.7922984342643838,0.32792391911957247,0.2315728318711658,0.6563052021353704,0.7600448943805937,0.8751526298089467,1.6828342175324795,0.8048835327850438,0.5438880547073343
mordred_VSA_EState6,14.0,13.845429558533692,1.6211704894877816,10.105111264501256,13.573772120040315,13.834978998149849,14.044242884620452,17.248655358693462,13.612592023282074,1.337943790150467
mordred_VSA_EState7,14.0,6.151424447208278,1.333859958946181,3.7687195119492336,4.967552052187453,6.668683041822925,7.121573485390437,7.980459917679592,5.817876362384021,1.5087119942915368
mordred_VSA_EState8,14.0,4.520937216977826,1.5194480011927882,1.5441429474945352,3.9189763275939056,5.106673382491793,5.209059135080843,7.03705120898245,4.825701671968553,1.855949556466238
mordred_VSA_EState9,14.0,8.314568783135323,2.0342185705164537,5.384550616012627,6.2146864624849965,9.511043578227,9.679958722400698,11.448690762488734,8.147961040864338,2.787243136771505
mordred_MDEC-11,14.0,1.4475326771184596,0.48007912212773507,0.5112241915457508,1.1153882022188242,1.5935527242099907,1.7773837351624513,2.192012432568016,1.4796561387874563,0.581753327759293
mordred_MDEC-22,14.0,12.600658274032268,2.324915218638276,8.892108751085065,11.04800906071747,12.108448813482308,14.543829237427198,16.416298897861665,12.646150410118333,2.297117786004792
mordred_MDEC-23,14.0,27.47336044326189,2.7342900433129786,24.361204582649343,25.201981705162087,26.647855536115383,29.223700163219924,32.907024420576086,27.885186306385283,2.849543149210011
mordred_MDEN-22,14.0,1.9582308903551247,0.4165014933213653,1.5778084801707497,1.853144011581398,1.853144011581398,1.853144011581398,3.3623167917105,1.8933674158689937,0.33855956535524895
mordred_MDEN-23,14.0,1.9029452434332703,0.5163385792389869,1.4125660305063543,1.858210419637204,1.8636184027139548,1.8636184027139548,3.544098776748575,1.8516094422790805,0.5212030282828567
mordred_AMID,14.0,2.0372460425746364,0.011546391577868199,2.025064654268214,2.030578684588987,2.031904453592266,2.0388688875492544,2.06006826823365,2.040074636530694,0.013491800195877255
mordred_MID_h,14.0,19.28361268561294,1.7523293331389902,17.885864940846844,18.193006630566988,18.36396964727262,19.938490612689392,24.517905380932785,19.546867222811215,1.680837946691578
mordred_AMID_h,14.0,0.49990060525244867,0.02826567799208421,0.4444737542132894,0.4870992759838565,0.49780050886208665,0.5206789170439183,0.5448423417985063,0.503597385031891,0.029590889470005318
mordred_MID_N,14.0,14.731777358922397,2.0597433562938434,12.526146078127276,14.522732961131714,14.539165280130248,14.623705685247959,20.821849314063066,14.67376195238575,1.925788099706493
mordred_AMID_N,14.0,0.38064189450589964,0.030038847330764385,0.3390523725361856,0.36169809210823667,0.378725122244865,0.391598228647081,0.4627077625347348,0.3769625641533586,0.03153857753048069
mordred_MID_O,14.0,4.0300399735595445,0.7212504404977755,3.650980508738052,3.6510850042333267,3.674927210892161,3.698234601857857,5.378860450960877,4.316625965077098,0.9925804319163412
mordred_AMID_O,14.0,0.10523259382794747,0.02233979091924994,0.0821345792637715,0.09378607436192504,0.0964455174153605,0.10073153249993418,0.1531348246491304,0.11182105778611671,0.027741401381078175
mordred_n6Ring,14.0,3.2142857142857144,0.4258153136263201,3.0,3.0,3.0,3.0,4.0,3.3333333333333335,0.4803844614152615
mordred_n6ARing,14.0,0.07142857142857142,0.26726124191242434,0.0,0.0,0.0,0.0,1.0,0.2222222222222222,0.42365927286816174
mordred_nRot,14.0,10.142857142857142,1.2314558524297639,7.0,10.0,10.0,10.75,12.0,10.037037037037036,1.2551886613169254
mordred_RotRatio,14.0,0.24257902874612683,0.030001544323755933,0.1666666666666666,0.2386071887034659,0.25,0.2562611806797853,0.2857142857142857,0.23788669631584464,0.030305087780888206
mordred_TopoPSA,14.0,96.3142857142857,11.132997878300428,87.55,87.55,87.55,106.66250000000001,118.26,97.89259259259262,11.669506809363847
mordred_GGI2,14.0,4.3531746031746055,0.402748830587941,4.000000000000002,4.222222222222223,4.222222222222223,4.388888888888891,5.555555555555558,4.38888888888889,0.40503713499103694
mordred_GGI6,14.0,1.1100161969549724,0.13740981575985706,0.9633560090702946,1.0449886621315192,1.0719501133786848,1.106621315192744,1.4818140589569158,1.136474342823549,0.1482631331328289
mordred_GGI10,14.0,0.3515918200766685,0.06524710484372968,0.2882379349046015,0.3212957861442709,0.32741761044791345,0.3667503315988164,0.5430119375573921,0.35654570395311136,0.06113638276813744
mordred_JGI2,14.0,0.07431114475123256,0.002956505737670861,0.0692167577413479,0.0727969348659004,0.07473544973544975,0.07545297993411199,0.0804597701149425,0.07381288597666374,0.003581607823011757
mordred_JGI3,14.0,0.04962868581678143,0.0020280061318638464,0.0451388888888888,0.0480324074074074,0.0502314814814814,0.050596692733789445,0.0530982905982906,0.04958735608557869,0.0019852246610389487
mordred_JGI4,14.0,0.037697018703015506,0.0014136842530480022,0.035421146953405,0.03677792513999405,0.0376021582518757,0.0382314814814814,0.0413709677419354,0.037925518553724155,0.001331025348753684
mordred_JGI5,14.0,0.024062891802224002,0.0010970887251455432,0.0225245098039215,0.023345782757547427,0.024226851851851798,0.0243100358422939,0.0269829059829059,0.023901346988240306,0.0012907892871646808
mordred_JGI6,14.0,0.016974962642318264,0.0007850906168944285,0.0157924662402274,0.016370665982895324,0.0170483323110665,0.017205537444358824,0.0185600907029478,0.017203468507004167,0.0012198368163263353
mordred_JGI7,14.0,0.013639911904821942,0.0005232696729337095,0.0128740055344171,0.01314866244462895,0.0136817700075629,0.0138734281591424,0.0144629885852646,0.013730633454921303,0.0006395175550223839
mordred_JGI8,14.0,0.010924975156321194,0.0008719423741576479,0.0089642647182329,0.010436201805249401,0.01099719027337945,0.011601522160226726,0.012341304834691,0.01107630292408747,0.000923440125526212
mordred_JGI9,14.0,0.007224328125415158,0.00039921020580878104,0.0067403473735173,0.006894205331705325,0.0071112055933484,0.0074846064814814255,0.0080995749848208,0.007358360330017693,0.0005118211563455881
mordred_JGI10,14.0,0.007427368823966478,0.0003568258448832765,0.0067250924986172,0.007217175598763175,0.0074576327117264,0.0076498996701016,0.0080534917587259,0.007464002608493566,0.000415358617144378
mordred_Diameter,14.0,17.071428571428573,0.47463114654932337,16.0,17.0,17.0,17.0,18.0,17.074074074074073,0.3849001794597505
mordred_TopoShapeIndex,14.0,0.9126984126984128,0.047312812625146694,0.8888888888888888,0.8888888888888888,0.8888888888888888,0.8888888888888888,1.0,0.9053497942386832,0.040223776988693984
