Model,PC,MSE,R2,Q2,MAE,Best Params,R2+Q2,Vote sum,R2-Q2,Vote diff,Vote,(R2+Q2)-(R2-Q2)
Random Forest,16,2.1470669086059835,0.7870821798791335,0.60084855489246,1.3486343966225491,"{'bootstrap': True, 'criterion': 'squared_error', 'max_depth': 5, 'max_features': 'sqrt', 'min_samples_leaf': 1, 'min_samples_split': 5, 'n_estimators': 50}",1.3879307347715937,2,0.1862336249866735,7,9,1.20169710978492
Random Forest,12,2.3063431427770857,0.859320667850521,0.5712382345126634,1.3366778189599426,"{'bootstrap': True, 'criterion': 'squared_error', 'max_depth': 7, 'max_features': 'sqrt', 'min_samples_leaf': 1, 'min_samples_split': 2, 'n_estimators': 50}",1.4305589023631844,1,0.28808243333785755,14,15,1.1424764690253268
Random Forest,10,2.639241187388476,0.7207821637917646,0.5093506729059398,1.5382238195525757,"{'bootstrap': True, 'criterion': 'squared_error', 'max_depth': 7, 'max_features': 'sqrt', 'min_samples_leaf': 2, 'min_samples_split': 2, 'n_estimators': 25}",1.2301328366977045,9,0.2114314908858248,8,17,1.0187013458118797
Random Forest,11,2.659772234041389,0.6386892362795212,0.5055338393884405,1.5068839588784306,"{'bootstrap': True, 'criterion': 'squared_error', 'max_depth': 3, 'max_features': 'sqrt', 'min_samples_leaf': 2, 'min_samples_split': 2, 'n_estimators': 25}",1.1442230756679619,14,0.1331553968910807,3,17,1.011067678776881
Random Forest,18,2.7225542568870846,0.8606638226452896,0.4938623190249208,1.4718446489247368,"{'bootstrap': True, 'criterion': 'squared_error', 'max_depth': 7, 'max_features': 'sqrt', 'min_samples_leaf': 1, 'min_samples_split': 2, 'n_estimators': 50}",1.3545261416702103,3,0.36680150362036884,22,25,0.9877246380498415
Random Forest,17,2.846012693248652,0.754399033503371,0.4709107225530478,1.5449289902352747,"{'bootstrap': True, 'criterion': 'squared_error', 'max_depth': 5, 'max_features': 'sqrt', 'min_samples_leaf': 2, 'min_samples_split': 2, 'n_estimators': 50}",1.2253097560564188,11,0.28348831095032323,13,24,0.9418214451060956
Random Forest,19,2.848399871727316,0.7880071641718862,0.4704669330578676,1.4685564547957823,"{'bootstrap': True, 'criterion': 'squared_error', 'max_depth': 7, 'max_features': 'sqrt', 'min_samples_leaf': 1, 'min_samples_split': 5, 'n_estimators': 50}",1.2584740972297537,5,0.31754023111401863,15,20,0.940933866115735
Random Forest,9,2.849374361498946,0.599766478907805,0.4702857700959544,1.5713698652139976,"{'bootstrap': True, 'criterion': 'squared_error', 'max_depth': 3, 'max_features': 'sqrt', 'min_samples_leaf': 2, 'min_samples_split': 2, 'n_estimators': 25}",1.0700522490037594,16,0.1294807088118506,2,18,0.9405715401919088
Random Forest,15,2.853006284476816,0.5827408057323669,0.4696105758114515,1.5625844018736463,"{'bootstrap': True, 'criterion': 'squared_error', 'max_depth': 3, 'max_features': 'sqrt', 'min_samples_leaf': 2, 'min_samples_split': 5, 'n_estimators': 50}",1.0523513815438184,17,0.11313022992091537,1,18,0.939221151622903
Random Forest,24,2.986754601580925,0.7702734703917915,0.4447460344043706,1.5494854077436826,"{'bootstrap': True, 'criterion': 'squared_error', 'max_depth': 5, 'max_features': 'sqrt', 'min_samples_leaf': 1, 'min_samples_split': 5, 'n_estimators': 10}",1.215019504796162,12,0.3255274359874209,16,28,0.8894920688087411
Random Forest,14,3.026315047283335,0.7125511317977706,0.4373915318465217,1.5840845547262454,"{'bootstrap': True, 'criterion': 'squared_error', 'max_depth': 7, 'max_features': 'sqrt', 'min_samples_leaf': 2, 'min_samples_split': 5, 'n_estimators': 10}",1.1499426636442922,13,0.27515959995124895,12,25,0.8747830636930433
Random Forest,13,3.0815791267786823,0.6655228506937004,0.4271176381431215,1.6631278768701008,"{'bootstrap': True, 'criterion': 'squared_error', 'max_depth': 5, 'max_features': 'sqrt', 'min_samples_leaf': 2, 'min_samples_split': 5, 'n_estimators': 10}",1.092640488836822,15,0.23840521255057895,9,24,0.8542352762862431
Random Forest,22,3.0833626899915414,0.8026133206622903,0.426786064017043,1.6641765183626414,"{'bootstrap': True, 'criterion': 'squared_error', 'max_depth': 7, 'max_features': 'sqrt', 'min_samples_leaf': 1, 'min_samples_split': 5, 'n_estimators': 50}",1.2293993846793332,10,0.3758272566452473,23,33,0.8535721280340859
Random Forest,23,3.1489931681223635,0.8555159911427175,0.4145850002849282,1.6556455832695924,"{'bootstrap': True, 'criterion': 'squared_error', 'max_depth': 7, 'max_features': 'sqrt', 'min_samples_leaf': 1, 'min_samples_split': 2, 'n_estimators': 25}",1.2701009914276455,4,0.4409309908577893,27,31,0.8291700005698562
Random Forest,20,3.169875454509376,0.562262003049512,0.4107028693857391,1.6092021321958354,"{'bootstrap': True, 'criterion': 'squared_error', 'max_depth': 3, 'max_features': 'sqrt', 'min_samples_leaf': 2, 'min_samples_split': 5, 'n_estimators': 10}",0.9729648724352511,20,0.15155913366377294,4,24,0.8214057387714782
Random Forest,21,3.207346942776274,0.8276736143965595,0.40373671540511,1.6373279311470952,"{'bootstrap': True, 'criterion': 'squared_error', 'max_depth': 5, 'max_features': 'sqrt', 'min_samples_leaf': 1, 'min_samples_split': 2, 'n_estimators': 25}",1.2314103298016694,8,0.4239368989914495,25,33,0.8074734308102199
Random Forest,27,3.2213071069237333,0.84103459607401,0.4011414447728525,1.6757326263429946,"{'bootstrap': True, 'criterion': 'squared_error', 'max_depth': 7, 'max_features': 'log2', 'min_samples_leaf': 1, 'min_samples_split': 2, 'n_estimators': 50}",1.2421760408468625,7,0.43989315130115747,26,33,0.802282889545705
Random Forest,26,3.227586316435334,0.8444007553948536,0.3999741054875037,1.6573505222577152,"{'bootstrap': True, 'criterion': 'squared_error', 'max_depth': 5, 'max_features': 'sqrt', 'min_samples_leaf': 1, 'min_samples_split': 2, 'n_estimators': 50}",1.2443748608823573,6,0.4444266499073499,28,34,0.7999482109750073
Random Forest,29,3.538360945046889,0.6863848021038005,0.3421994075422029,1.7461689682126804,"{'bootstrap': True, 'criterion': 'squared_error', 'max_depth': 5, 'max_features': 'log2', 'min_samples_leaf': 2, 'min_samples_split': 5, 'n_estimators': 25}",1.0285842096460034,18,0.3441853945615976,19,37,0.6843988150844058
Random Forest,6,3.548573615814982,0.502036983566544,0.3403008163622296,1.7291072134620151,"{'bootstrap': True, 'criterion': 'squared_error', 'max_depth': 3, 'max_features': 'sqrt', 'min_samples_leaf': 2, 'min_samples_split': 2, 'n_estimators': 50}",0.8423377999287736,23,0.16173616720431444,5,28,0.6806016327244591
Random Forest,28,3.63598836541191,0.6859375620829216,0.3240499377866842,1.7229261980363462,"{'bootstrap': True, 'criterion': 'squared_error', 'max_depth': 5, 'max_features': 'sqrt', 'min_samples_leaf': 2, 'min_samples_split': 5, 'n_estimators': 25}",1.0099874998696057,19,0.3618876242962374,21,40,0.6480998755733682
Random Forest,25,3.931862341657077,0.6266412494061282,0.2690453523615147,1.821002380030912,"{'bootstrap': True, 'criterion': 'squared_error', 'max_depth': 3, 'max_features': 'sqrt', 'min_samples_leaf': 2, 'min_samples_split': 5, 'n_estimators': 10}",0.8956866017676429,21,0.3575958970446135,20,41,0.5380907047230294
Random Forest,5,4.039636418204001,0.4259129207926163,0.2490095638975373,1.846897979741705,"{'bootstrap': True, 'criterion': 'squared_error', 'max_depth': 3, 'max_features': 'sqrt', 'min_samples_leaf': 2, 'min_samples_split': 5, 'n_estimators': 10}",0.6749224846901536,25,0.17690335689507897,6,31,0.4980191277950746
Random Forest,8,4.076303357866288,0.4910658748316813,0.242192979889275,1.9049631176252104,"{'bootstrap': True, 'criterion': 'squared_error', 'max_depth': 3, 'max_features': 'sqrt', 'min_samples_leaf': 1, 'min_samples_split': 5, 'n_estimators': 25}",0.7332588547209563,24,0.2488728949424063,11,35,0.48438595977855003
Random Forest,3,4.121952622842151,0.6467789935410619,0.2337065326294441,1.8987594261128635,"{'bootstrap': True, 'criterion': 'squared_error', 'max_depth': 5, 'max_features': 'sqrt', 'min_samples_leaf': 1, 'min_samples_split': 5, 'n_estimators': 50}",0.880485526170506,22,0.41307246091161787,24,46,0.46741306525888815
Random Forest,1,4.298636975198836,0.4432959419381735,0.2008599481618695,1.838387919999764,"{'bootstrap': True, 'criterion': 'squared_error', 'max_depth': 3, 'max_features': 'sqrt', 'min_samples_leaf': 1, 'min_samples_split': 5, 'n_estimators': 50}",0.644155890100043,26,0.242435993776304,10,36,0.40171989632373906
Random Forest,4,4.736905786185671,0.4493769491065116,0.1193833865560004,2.022975874545099,"{'bootstrap': True, 'criterion': 'squared_error', 'max_depth': 3, 'max_features': 'sqrt', 'min_samples_leaf': 1, 'min_samples_split': 5, 'n_estimators': 10}",0.568760335662512,28,0.3299935625505112,17,45,0.23876677311200084
Random Forest,2,4.9148138700768165,0.4221907617274085,0.0863093037238217,2.0461588847934067,"{'bootstrap': True, 'criterion': 'squared_error', 'max_depth': 3, 'max_features': 'sqrt', 'min_samples_leaf': 1, 'min_samples_split': 5, 'n_estimators': 10}",0.5085000654512302,29,0.3358814580035868,18,47,0.17261860744764335
Random Forest,7,5.100802267053609,0.5351373113753306,0.0517330466314325,2.1471575350902707,"{'bootstrap': True, 'criterion': 'squared_error', 'max_depth': 3, 'max_features': 'sqrt', 'min_samples_leaf': 2, 'min_samples_split': 5, 'n_estimators': 10}",0.5868703580067631,27,0.4834042647438981,29,56,0.10346609326286504
