0,1,2,3,4,5,6,7,8,9,10,11,12,13,14,15,16,17,18,19,20,21,22,23,24,25,26,27,28,29,30,31,32,33,34,35,36,37,38,39,40,41,42,43,44,45,46,47,48,49,50,51,52,53,54,55,56,57,58,59,60
1.0000000000000013,4.913285885210545e-08,0.9999999999254308,-1.9086212928714964e-09,0.9999999999941922,1.696187195462821e-07,2.600489140370667e-07,-1.0205530612910227e-07,1.5493086006814217e-08,0.4759764423355819,0.06233317332866128,1.9446498745127344e-08,-0.0012394591042813178,3.076897376337399e-08,0.03409355047556483,-5.399891343120215e-08,0.9948347632999799,1.0880615943997684e-08,-0.0009082990254462697,0.042958603493615,0.47597644340887874,4.966441140381881e-08,3.6799543138328533e-07,-7.617121197014962e-06,3.683396852675203e-07,0.03681832898763088,0.03725177599191493,0.9999999999253975,-0.9999757643389807,-0.00116610795528856,3.683447542445971e-07,0.9999999999997533,1.5649589929311063e-08,0.0003407606595092787,5.327676987684794e-08,0.004873393853895484,-0.001174472867416246,-0.0011478297465218664,0.04410729404412662,7.090672670826449e-06,0.005453699399652033,1.0681437232919617e-07,0.0003642621083637987,3.0825421206601e-07,-0.9999632766109746,-2.12111813861657e-05,0.9999999999997519,1.925750587669886e-07,-6.052883052006988e-08,-0.00032886949823531604,-3.564724675891617e-05,0.03774016249863253,0.00023828906571533043,5.0219797097747305e-08,1.779978842260239e-08,0.05347824559159615,3.724801471659598e-08,1.9402425453819696e-09,-1.1497742635389511e-07,-0.805951032326047,-4.318138139542247e-07
4.913285885210545e-08,1.0000000000000013,1.225150095891206e-05,-0.00869820326523853,8.240514394375018e-08,-2.4367202793209565e-05,0.002113207612216709,-0.013372541892881399,9.693559383972001e-05,0.0014361233993250432,-0.007436247567522531,-0.00449983952491302,-0.0077162789470800654,0.6737815354423421,-0.005160632875616855,0.04199807315832725,0.10144367646385449,-0.008046098556746185,-0.006504766439333718,-0.005282993401272961,0.0014362131625736765,0.9999555488913358,0.0014227192446659878,0.9998974292302228,0.011772775579418691,-0.005238236857012082,-0.005051906815855178,1.2251475933919858e-05,-5.9363761507075416e-06,-0.008922955331027632,0.011772046152761357,7.241728743116068e-10,0.00013284684374578116,-0.000408297161811219,-0.0008761858776231548,0.023169366066656805,-0.008516531786364738,-0.00868338732178982,-0.0058867105541578315,0.0015666669345166396,-0.0008435175128906387,-0.0097125180626073,-1.674964250902332e-05,0.0015633823426270028,0.0001944737462583356,-0.0011626050350787302,1.0709068661953901e-09,0.0017222710075752053,-0.006558489030267267,0.0019561974275521432,-0.0007197678595805679,0.045000496071554305,0.0449335583272853,0.9999844983067138,-0.00853269627960083,0.03171621002216229,-0.0018344582650026415,0.0006860403535118333,0.00045017958455198124,0.00020044161314058256,-0.006477187625622186
0.9999999999254308,1.225150095891206e-05,1.0000000000000018,-1.2586675876012948e-07,0.9999999999201995,7.87610851555928e-08,1.6941422503759093e-07,-3.0056569318392536e-07,5.000119774541384e-09,0.47597645976380293,0.0623331390776268,-5.5795212194009613e-08,-0.0012395553022120304,8.244489738814475e-06,0.03409342190272149,4.435421786401237e-07,0.9948360015235658,-1.0991891620407012e-07,-0.0009083832695229359,0.042958579612026114,0.47597646083676487,1.2251699502171662e-05,3.853589168222511e-07,4.584699205487834e-06,5.120152705228233e-07,0.036818263130429775,0.037251642607373965,0.9999999999999886,-0.9999757644301135,-0.0011662282189964024,5.120141877885394e-07,0.9999999999247189,5.724196219727259e-09,0.00034079427396866715,4.6158936079082426e-11,0.0048736960536775314,-0.001174610389882845,-0.0011480379981092447,0.0441072587878918,7.109747338654122e-06,0.00545368874140888,-1.4908542680151694e-07,0.00036429827232520686,3.2728018046274227e-07,-0.9999632741750313,-2.1220394830038157e-05,0.999999999924735,1.3420161524964227e-07,-1.0451708658115672e-07,-0.00032894408090320483,-3.566375880748236e-05,0.03774061693550817,0.0002387455913613513,1.2251723401600836e-05,-1.6661554290421733e-07,0.053478630462790736,-9.580407309722315e-09,-2.843128609467467e-08,-1.3381061254555698e-07,-0.8059510447341957,-4.818290112797704e-07
-1.9086212928714964e-09,-0.00869820326523853,-1.2586675876012948e-07,1.0,-5.41098949298594e-08,0.04613516002902312,0.25085934887029104,0.1435262739235923,-0.024498805605283478,4.074556040119255e-05,0.09039397708071613,0.12125950214460227,0.07557980067466501,-0.016990954271105647,0.3230434904798934,0.018653483936180545,-0.0010295061215414474,0.4733195565458368,0.3937796028688305,0.3793073342475338,-3.8336383014079546e-05,-0.00918946173741747,-1.0545692051626713e-05,-0.009629627331486985,-0.00011824296806532534,0.23909035658524694,0.4763089463759007,-8.81079535578294e-08,-0.00011286613141075802,0.07106656963059395,-0.00012357367503574687,6.8429253673659e-08,-0.026813005020108107,0.06155149639965221,0.02342147333886812,-0.02433605653125564,0.092496145513451,0.10057544555570393,0.3270472590553579,-2.0746307521347892e-05,0.0038865545561606717,0.10837790020423058,-0.10655727923927596,-2.3092430199231505e-05,-0.00033746911728035065,-0.025091710538461855,-1.9412467074176692e-08,-0.03570528942044114,0.09731898471455326,-0.02362188636668043,3.179414411266118e-05,0.098686695736294,0.17408138032975323,-0.00854207332835443,0.09389268477298156,0.06645281279513139,-0.022876914579006452,-0.018890651178323843,-0.03184201809869412,-0.04028231698700771,0.021415443803585454
0.9999999999941922,8.240514394375018e-08,0.9999999999201995,-5.41098949298594e-08,0.9999999999999989,-2.1813012826321946e-07,-2.2232493316968886e-07,-1.933046262062854e-07,3.629462811404999e-08,0.47597644634708935,0.06233278953193588,1.3235779904556421e-08,-0.0012394939632215105,1.290724895060133e-07,0.03409340594674183,4.364887767330677e-07,0.9948347665506584,-7.158437885495396e-08,-0.0009083541854666767,0.04295855383204859,0.47597644741828676,8.299584099811275e-08,3.6784114962196764e-07,-7.584038746288826e-06,3.6876234046979845e-07,0.036818205751301805,0.037251621772048576,0.9999999999202421,-0.9999757439735742,-0.001166233243324541,3.6876625980768617e-07,0.9999999999942383,3.748765168828985e-08,0.00034052301954245106,3.0665517294270707e-06,0.004876686697920818,-0.0011745166378895782,-0.0011478863446671304,0.044106999053958186,7.09507490597016e-06,0.005456731754711502,4.3270109061842664e-08,0.00036402252389621073,3.128345094814779e-07,-0.9999632489823781,-1.8259658360285914e-05,0.9999999999942497,5.273647124990989e-07,-9.82775318722956e-10,-0.0003285097697712533,-3.259246026746058e-05,0.03774025330778642,0.00023830017461664148,8.341216678631224e-08,2.2181184130506827e-07,0.05347795478602903,3.0012517341135833e-06,1.6636120889076085e-09,-2.1119741515620913e-07,-0.8059510831147336,-7.902809188191784e-07
1.696187195462821e-07,-2.4367202793209565e-05,7.87610851555928e-08,0.04613516002902312,-2.1813012826321946e-07,1.0,0.6191960714316709,0.03266864078560827,0.0015934963338282246,-1.8558017250529212e-05,-0.061267315721343224,0.047777470580026724,0.03055561326926174,-0.0001656671840177464,-0.007399082189144265,-0.400080573081856,0.0002965276980393311,0.01327538093908889,0.018139477027308833,-0.07012631058625034,-2.174524677658816e-05,2.5649207246530167e-05,0.00025292716733186913,-0.00015499190427496556,0.00025124041640785396,-0.048323307547606165,0.007463562706815648,-1.7195729429745822e-08,-0.0006132594747166976,0.028532259412270777,0.00025170648627621757,2.111979404414003e-07,0.012645471143486004,0.5330196220122017,-0.0006723070793065275,-0.08253781941876205,0.014719810948736825,0.01593889450692792,-0.04275954392722447,-2.5617819028312106e-05,-0.09731010587804792,0.012149878985017586,0.5709637610415825,-1.7737241685319154e-05,-0.000688488183821238,-0.1414255980738193,2.1130430465514085e-07,0.3312513744860902,0.010667661291872634,0.31520175533500183,-0.08596293494554617,-0.027986860317293624,-0.0068496556439304425,-7.035292311961794e-05,0.0014668741285981547,0.12612257150505438,-0.005723941103241988,-0.0033277838520673515,0.09963530354488231,0.06235870902015545,0.35442847692417334
2.600489140370667e-07,0.002113207612216709,1.6941422503759093e-07,0.25085934887029104,-2.2232493316968886e-07,0.6191960714316709,1.0000000000000022,2.5075114740217598e-05,-0.011380007662276578,4.189135237700607e-06,0.002604658630609758,0.05664581162960887,-0.034408695978345956,-0.004222556162109287,0.10803438744248384,-0.5260588114729676,-0.0008419086462751362,0.1247822884932531,0.08137148424460733,0.09750581398187658,-1.766137952926574e-05,0.0020072121230815462,0.0001220816536134469,0.0021247511822458463,0.00013660062966794977,0.05864113676336478,0.16975845398362455,2.8080350549937957e-08,-0.0008673246113503896,0.047990767906332756,0.00013533540537014123,3.3297559240116847e-07,-0.012867124597193644,-0.001532606435723683,0.016178178165137787,-0.09994884947357546,0.013912346261374409,0.015847573272881683,0.08229398331800294,-1.1030175982226734e-05,-0.1246978846084158,-0.0037412457963831745,-0.053001132164090664,-1.553111394465381e-05,-0.0008964052826507102,-0.18438276632004832,2.9223148265788927e-07,0.46715573200487176,-0.005351144781637956,0.435141718819037,-0.12119599035398489,0.03663295718499978,0.04471554633832364,0.002531742263956336,-0.010712644275790332,0.017572480096255613,0.009259447017468241,0.02239956548259961,0.0040007662873657365,0.004204916308516797,-0.05730774146475254
-1.0205530612910227e-07,-0.013372541892881399,-3.0056569318392536e-07,0.1435262739235923,-1.933046262062854e-07,0.03266864078560827,2.5075114740217598e-05,1.000000000000001,0.001048904899425144,-6.242515520947769e-05,0.19327563938555822,0.1275019076960111,0.629689332766268,-0.012517151897304048,-0.14324569825094943,-0.020508549341608867,-0.0017412445459585096,0.0827842685788803,0.08359318386418883,-0.1757402927059678,-3.1789174511686565e-05,-0.013747962612586463,4.2441128075242187e-07,-0.014103527278425418,-0.00019772605149920045,-0.19152786112044454,-0.06461891907386792,-2.878384984189422e-07,2.4712052607782026e-05,0.5406231716336677,-0.00020158945360154655,-5.857457158702575e-08,-0.0004361041236629358,-0.1851445748748491,-0.020025437855959272,-0.0627447075380915,0.520245771057691,0.3724718275621729,-0.12567215797027687,-5.0405018999616024e-05,-0.010655602498416366,0.4606868412444738,-0.024307439484632765,-2.3693317353076298e-05,-0.000545967983257621,-0.005165818054875198,3.0767424067552945e-08,0.053411523297966536,0.37193310185767114,0.01473723413311552,0.005671009620775974,-0.21241916758288937,-0.20069270885441287,-0.014439428402601439,0.41291269165721434,-0.3507063015832762,0.003842473446794775,0.09126377751610767,0.024719263818396033,0.017566344104410936,0.226173980838906
1.5493086006814217e-08,9.693559383972001e-05,5.000119774541384e-09,-0.024498805605283478,3.629462811404999e-08,0.0015934963338282246,-0.011380007662276578,0.001048904899425144,1.0000000000000007,-2.2597952307396734e-06,-0.057642720200071836,0.47771945514649927,-0.00037640827043686415,0.37824688714688,-0.025166304663137382,0.03937399808893763,-5.153123243035215e-05,-0.02257839037628999,-0.02016416989087678,-0.03246306544241653,-1.585110409719208e-07,0.0001109316201979731,2.7025885029857488e-06,0.00011325041648356503,3.694528938810661e-06,-0.027987427959513332,-0.027043045015433694,4.815616182195132e-09,-1.3249273444211874e-05,0.000805829162215936,3.8614865287940795e-06,1.6851201460053266e-09,0.9997833621438937,-0.02281272592362315,0.00030158746163087477,0.0036257603848057715,0.0006899902035701583,0.027271677915351112,-0.057818619883622586,-5.909599097630271e-06,-0.007485057629366825,0.03171621728788047,-0.014274159979477766,8.782170778522895e-08,6.035234154040786e-05,-0.003724616658687103,6.242995441149632e-09,0.009940594890126334,-0.0010067600745293688,0.009111778402977057,-0.00263763894933084,0.008028290705151639,0.025819394972046286,0.00027520480876654395,0.030545829950095423,-0.026877710616608663,0.0036830760079201437,-0.0018017523989027552,-0.010074762283744192,-0.004764917009460708,-0.02709253483317611
0.4759764423355819,0.0014361233993250432,0.47597645976380293,4.074556040119255e-05,0.47597644634708935,-1.8558017250529212e-05,4.189135237700607e-06,-6.242515520947769e-05,-2.2597952307396734e-06,0.9999999999999981,0.029469553099674962,-9.896342928999121e-06,0.06738127470038152,4.057085055500652e-05,0.01618235038679299,0.00013545773153230732,0.4720400459272881,4.777093169717947e-06,0.04941391147260169,0.02040504756872844,0.9999999956919318,0.001436176497626612,0.879456809523551,0.0018489620081778217,0.879403023631575,0.017484342674098367,0.01768179113115397,0.47597645976776737,-0.4743311451840927,0.0630236774200695,0.879403027395513,0.47597645460453886,-2.3473309596180936e-06,0.0001460164071614168,0.0013632155936280591,0.0035916809511957574,0.06386787366881758,0.062421619798452524,0.020873968384011395,0.8794613671273592,0.003941419797155182,-3.004467854456228e-05,0.0001394825669613359,0.8794581407779816,-0.47431837290019885,0.0013036132229319111,0.4759764545961851,-1.5350213714999555e-05,-2.3267670970683758e-05,0.017633809076696105,0.001344388991639848,0.018065141089430026,0.0002393696326420819,0.001436182604871711,-2.1333110979541658e-05,0.025436231675917277,0.0013426083569793117,-1.0818138253030054e-05,-2.2872123072854805e-05,-0.38229643511255534,-6.934580480494652e-05
0.06233317332866128,-0.007436247567522531,0.0623331390776268,0.09039397708071613,0.06233278953193588,-0.061267315721343224,0.002604658630609758,0.19327563938555822,-0.057642720200071836,0.029469553099674962,1.0,-0.04739681277559665,0.10961486960300229,-0.030234240480191073,0.2027512206346493,-0.0861222473978876,0.061456706012377814,0.11428849639287089,0.09670321706466453,0.5306192193930181,0.02947440314521705,-0.009019145848721905,-0.00012874077082777226,-0.007531996322002216,-0.00022510567294172488,0.3072448543230927,0.1362822942750259,0.06233314596008132,-0.06261297992517832,0.09211547061813655,-0.00024424474900894234,0.06233320723040248,-0.05737817630423777,0.12701339695874034,-0.06654075415452003,-0.038099111399054766,0.12393808386497918,0.026558566165955547,0.7042805739635773,-0.00014997895781816137,0.015252402324322366,0.0009190815243524109,0.1554277505104342,-0.00022433692523618536,-0.06314309961110663,-0.014310243922821042,0.06233321069183726,-0.08616941893040442,0.0701603547902904,-0.09125860430694091,-0.04824030070488751,-0.08882595187202194,0.07359368932289007,-0.008317862689777474,-0.10564739920980132,0.21937950127025924,-0.07788420585974545,0.009723404810683324,0.05160782621941344,-0.013178411946008814,0.23597177743330647
1.9446498745127344e-08,-0.00449983952491302,-5.5795212194009613e-08,0.12125950214460227,1.3235779904556421e-08,0.047777470580026724,0.05664581162960887,0.1275019076960111,0.47771945514649927,-9.896342928999121e-06,-0.04739681277559665,1.0000000000000002,0.10168045219237866,0.17676931472068472,0.004973426107481743,0.04929146179306998,-9.320136990351825e-05,0.021567131982301268,0.034863448668057996,-0.07133603127977534,-1.4495098277626767e-05,-0.003660227159698885,3.786806086963318e-05,-0.0032436768392884244,-2.022911804601797e-05,-0.04276745926935631,0.0161275752432413,-5.480668126602918e-08,4.462588222817447e-05,0.08615484921070979,-1.0340971019710676e-05,-1.1775651316270627e-07,0.4751970538647583,-0.06609253491976438,-0.00347578810712278,-0.015002077601737007,0.08970524677682071,0.0748331065628279,-0.059693501748634706,-1.1016412944291016e-05,-0.01274492045024243,0.06866119015035863,-0.05214631335994256,7.651669927614678e-07,-0.00010716647511970204,-0.0002582915913015918,-1.0884045724747267e-07,-0.17040955587329004,0.4821387069734091,-0.14524417474531512,-0.002915445230462674,-0.05134891057047611,-0.0024104226588050597,-0.004590965960362622,0.0747383614518854,-0.08333363536202146,0.00020079953891403296,-0.1848939457622163,-0.19325406883698726,-0.11744230118131066,0.01070269799184739
-0.0012394591042813178,-0.0077162789470800654,-0.0012395553022120304,0.07557980067466501,-0.0012394939632215105,0.03055561326926174,-0.034408695978345956,0.629689332766268,-0.00037640827043686415,0.06738127470038152,0.10961486960300229,0.10168045219237866,1.0000000000000002,-0.006128707867153138,-0.12725009051269087,-0.13841480021751895,-0.0024544997087805435,0.008511449329617959,0.4489808464973704,-0.13647766854535565,0.06740272768127244,-0.00769937024981176,0.0773484136063896,-0.005846971020999711,0.07722636805539217,-0.15404840528064406,-0.09278338555979813,-0.0012395426337057363,0.0014220660330308396,0.6274082347644765,0.07722668593614254,-0.001239363875482022,4.4385777005466156e-05,-0.15326192248938553,-0.025100587513678586,-0.03894801109611078,0.6696764961077397,0.5731611410287922,-0.12060626693260154,0.07730701620265562,-0.008516057590341864,0.25382315855629783,-0.03464021352310909,0.0773254565775997,0.001087808609968703,-0.042842721934864623,-0.0012392704244417114,-0.059693977172787425,0.27010758122622114,0.10890706713180295,0.001232702187180048,-0.2904326017678308,-0.2870597302836764,-0.009527370357699336,0.3111570399323662,-0.3384363038021607,-0.03612134492399687,0.04730074706185948,-0.002930292992885885,0.00387004641715945,0.11565078810410592
3.076897376337399e-08,0.6737815354423421,8.244489738814475e-06,-0.016990954271105647,1.290724895060133e-07,-0.0001656671840177464,-0.004222556162109287,-0.012517151897304048,0.37824688714688,4.057085055500652e-05,-0.030234240480191073,0.17676931472068472,-0.006128707867153138,0.9999999999999994,0.14995079947295004,0.03483479772680674,0.06831003616384891,0.2918591201234388,0.2521470357576935,0.18101904271787406,4.138572259545026e-05,0.6738039543492746,3.423977015676894e-05,0.6735987324224617,0.007932433036321773,0.1610575248169477,0.16326389503847663,8.244429179988751e-06,0.0001883542234043416,-0.0419754584799247,0.007932549956935245,6.760819770571186e-08,0.377898421902192,0.10837826154099096,0.03248586594906026,0.03566867591376544,-0.13176047531342874,0.005332723082558265,0.1767050535625453,4.3274796925670954e-05,0.026001513119555245,0.014123113393836978,-0.006943736885038533,4.72923582505788e-05,0.0003072482323439652,0.026093791215545607,2.9273275480831195e-09,0.004276146977086728,-0.07417718238607443,0.005235717803856501,0.028077711964233486,0.19236466003186048,0.19674410884623597,0.6739024493151348,0.0469472093200641,0.12472444922322387,0.029805113672463912,-0.4630494795988763,-0.453375068134973,-0.2679248557509295,-0.017498342330915333
0.03409355047556483,-0.005160632875616855,0.03409342190272149,0.3230434904798934,0.03409340594674183,-0.007399082189144265,0.10803438744248384,-0.14324569825094943,-0.025166304663137382,0.01618235038679299,0.2027512206346493,0.004973426107481743,-0.12725009051269087,0.14995079947295004,1.0000000000000002,-0.09422064670141234,0.03317514049940866,0.7217268690645483,0.5907327726542886,0.5395671198793508,0.016151222611725382,-0.004857641265953995,-7.336843780973644e-05,-0.005715146428404894,-0.00012804296411047855,0.8948128835682545,0.8776676503218559,0.034093427929285616,-0.03411683943196837,-0.07451183626349109,-0.00012554914585070621,0.034093629252661004,-0.026129931471192688,0.20639589024721686,0.04475060268416635,0.0073688757860222815,-0.1783460338431121,0.0783744439954562,0.6588562189372564,-5.69269681738957e-05,0.017136263248906658,0.07603198021785029,-0.09781891870871345,-8.608449480594215e-05,-0.03419218236703781,-0.02735287496284234,0.03409344180944025,-0.002145350849575175,-0.08015513341635491,-0.03512921073266066,-0.0052988555396892454,0.25256849572619156,0.3227969585442647,-0.004101082424591432,-0.005684219962480822,0.28761269532714123,-0.029642271154475822,-0.3421759972591218,-0.33362018132609733,-0.21484836366147034,-0.058455559059076075
-5.399891343120215e-08,0.04199807315832725,4.435421786401237e-07,0.018653483936180545,4.364887767330677e-07,-0.400080573081856,-0.5260588114729676,-0.020508549341608867,0.03937399808893763,0.00013545773153230732,-0.0861222473978876,0.04929146179306998,-0.13841480021751895,0.03483479772680674,-0.09422064670141234,1.0000000000000007,0.004827536343690821,-0.05134565966318321,-0.13432864532774094,-0.06309515441907344,0.0001321502677551767,0.041884460831205984,3.9107925540606196e-05,0.040349465327203106,0.0004009473750257816,-0.10923341393551578,-0.050492761278240546,5.317664498598867e-07,0.0004894993995618172,-0.020245730397782054,0.00039971490125180297,-2.3794192358624584e-07,0.039239707730676,-0.06566570692745594,-0.0037296913347080827,0.09510394722083593,-0.09901229196001173,-0.09392100292026496,-0.08352074966695058,0.0001449812066470286,0.07313368239937793,0.006154277598184039,-0.051807674247854485,0.0001522277636213103,0.0007991423206598106,0.11812673345177832,-2.3184803760630883e-07,-0.30191923808675636,0.00770507853471169,-0.34067389096682854,0.07470740419600941,0.4067616641073951,0.3880149795145946,0.042159848760886576,0.02685991956419805,0.19745354223025757,0.003314632686321374,0.06437638076819903,0.021712922786914415,0.0031963715318707123,-0.14560172110435174
0.9948347632999799,0.10144367646385449,0.9948360015235658,-0.0010295061215414474,0.9948347665506584,0.0002965276980393311,-0.0008419086462751362,-0.0017412445459585096,-5.153123243035215e-05,0.4720400459272881,0.061456706012377814,-9.320136990351825e-05,-0.0024544997087805435,0.06831003616384891,0.03317514049940866,0.004827536343690821,1.0,-0.0011019796178413379,-0.001947857299236722,0.04217273392093518,0.4720400395012224,0.10144388979368878,-0.0017011718438435922,0.10143529098932638,-0.0006510941169342271,0.03599268597921364,0.03627548171114031,0.9948360016813037,-0.9948136720041169,-0.0024209761874784477,-0.0006511028076154927,0.9948347582089554,-2.9058565120697317e-05,0.0021390771523740874,-0.0002739285425254644,0.007312119194559409,-0.002300924809968844,-0.002890565619512665,0.04334121167566546,-0.0016800126370054643,0.005519066771481269,-0.0019101958380107781,0.002247435372648131,-0.0016871379772866952,-0.994781527192297,0.000197175476713944,0.9948347582731651,-0.0008618334975153692,-0.00044034093794530704,-0.0012185167603544415,1.6700055553908126e-05,0.042362339390002515,0.004808460742296313,0.10143837840942306,-0.0017870615086616887,0.05768653758875376,-0.0002425486371123933,-0.0003704521674776882,5.335277491387261e-05,-0.8017416067195443,0.0005635926959922221
1.0880615943997684e-08,-0.008046098556746185,-1.0991891620407012e-07,0.4733195565458368,-7.158437885495396e-08,0.01327538093908889,0.1247822884932531,0.0827842685788803,-0.02257839037628999,4.777093169717947e-06,0.11428849639287089,0.021567131982301268,0.008511449329617959,0.2918591201234388,0.7217268690645483,-0.05134565966318321,-0.0011019796178413379,0.9999999999999991,0.826539127786045,0.592612922173479,-3.20111558084266e-05,-0.007911767285263898,-1.3879598216146948e-05,-0.008911709909445177,-0.000110392029901823,0.6439456686490198,0.75752152114851,-9.309207662784363e-08,-8.039024784024006e-05,0.028843642421636957,-0.00010897406772959682,1.9762813944624753e-07,-0.02414831025717287,0.29060987261303683,0.0373371340258923,-0.018953966704172782,-0.13671824730095633,0.09072164844814654,0.7096549223554159,-2.0305286141975026e-05,0.004977847376010391,0.15255775895759682,-0.09084805064763884,-2.8414280665551458e-05,-0.0002491251338341602,-0.026758013397464184,-1.3422668051331402e-08,-0.017999491084346602,-0.06869510443057303,0.000999010832888371,-0.001964978626744145,0.3818024799792562,0.4225151825048644,-0.007396281746496951,0.18221599326352889,0.3001972696578045,-0.01940175999459555,-0.563544887929288,-0.5537214462166853,-0.3423364450876506,0.01959670542591127
-0.0009082990254462697,-0.006504766439333718,-0.0009083832695229359,0.3937796028688305,-0.0009083541854666767,0.018139477027308833,0.08137148424460733,0.08359318386418883,-0.02016416989087678,0.04941391147260169,0.09670321706466453,0.034863448668057996,0.4489808464973704,0.2521470357576935,0.5907327726542886,-0.13432864532774094,-0.001947857299236722,0.826539127786045,0.999999999999998,0.49126919884372733,0.04938428931015392,-0.00617065795692485,0.05667399553955542,-0.005567399602097003,0.05659134757961385,0.528322070711889,0.6124590645012268,-0.0009083652954055435,0.0009636097710344526,0.2424210400152093,0.056594962805785506,-0.0009080897023665771,-0.020556070822737294,0.22384021714066696,0.02245635221493248,-0.015471843474892489,0.13624573847136667,0.3279602368693246,0.581509043533553,0.05666183502189143,0.0035647145254519915,0.1069708835762413,-0.08847231116337785,0.056655956553454685,0.000832457392643752,-0.051890252254008444,-0.0009082429643550169,-0.08479598829169795,-0.031506091928041775,0.07262139359622287,-0.002762572168020607,0.2151477893820523,0.24543422753705052,-0.006795322984449739,0.1948880366751009,0.17331810239632478,-0.045406557909743475,-0.48992098046954474,-0.4873513793236503,-0.29837273940710124,0.00384743875123879
0.042958603493615,-0.005282993401272961,0.042958579612026114,0.3793073342475338,0.04295855383204859,-0.07012631058625034,0.09750581398187658,-0.1757402927059678,-0.03246306544241653,0.02040504756872844,0.5306192193930181,-0.07133603127977534,-0.13647766854535565,0.18101904271787406,0.5395671198793508,-0.06309515441907344,0.04217273392093518,0.592612922173479,0.49126919884372733,1.0,0.0203672915830398,-0.006151992574960196,-8.984271513419254e-05,-0.005596782706961354,-0.00014421423316899964,0.6830999853039889,0.5722772873551478,0.04295859366073525,-0.0429432741445992,-0.1461418463566425,-0.0001545774961201166,0.042958708192622604,-0.03212426292280376,0.29701358924422977,0.02791095396064129,0.011692725885302837,-0.18488645974647697,-0.04468274611031173,0.8133414140035321,-5.00916269970544e-05,0.038055198830279496,-0.03446483929860242,0.04067665187359853,-0.00010302073072099921,-0.04310738939781081,0.006902055873336693,0.04295856000044297,-0.0824337889967545,-0.13585880326090163,-0.051906176872999754,-0.0022192705519896855,0.33732761876003536,0.42696251458258844,-0.004772533907049126,0.01666464501986485,0.4052789656120719,-0.012577511431752553,-0.3901590558163319,-0.35119070500856253,-0.24479049129646815,0.022325945430527933
0.47597644340887874,0.0014362131625736765,0.47597646083676487,-3.8336383014079546e-05,0.47597644741828676,-2.174524677658816e-05,-1.766137952926574e-05,-3.1789174511686565e-05,-1.585110409719208e-07,0.9999999956919318,0.02947440314521705,-1.4495098277626767e-05,0.06740272768127244,4.138572259545026e-05,0.016151222611725382,0.0001321502677551767,0.4720400395012224,-3.20111558084266e-05,0.04938428931015392,0.0203672915830398,0.999999999999999,0.0014362943047290314,0.8794568124048874,0.0018491196151285338,0.8794030260714406,0.01745830176269254,0.017639724270300715,0.4759764608380107,-0.47433113444759367,0.06304064216935291,0.8794030299644511,0.4759764556725617,-1.1500425203029122e-07,0.00013053179353634715,0.0013601648219535936,0.0035907082168935406,0.06388340814005923,0.06243011953755822,0.020843268196420545,0.8794613682245044,0.0039404802567673215,-1.838749648823927e-05,0.00014849368097807206,0.8794581432272734,-0.47431836761433793,0.0013053808968881235,0.4759764556756321,-1.0220350657244237e-05,-1.341271527102154e-05,0.01763623236143812,0.001344500794198127,0.01804263818331905,0.00021364701699697048,0.0014362155635806722,-1.0853751200020176e-05,0.02540987106164651,0.0013441489994944179,-5.491343902860568e-06,-1.945437809677231e-05,-0.382292147179952,-6.0807630775105985e-05
4.966441140381881e-08,0.9999555488913358,1.2251699502171662e-05,-0.00918946173741747,8.299584099811275e-08,2.5649207246530167e-05,0.0020072121230815462,-0.013747962612586463,0.0001109316201979731,0.001436176497626612,-0.009019145848721905,-0.003660227159698885,-0.00769937024981176,0.6738039543492746,-0.004857641265953995,0.041884460831205984,0.10144388979368878,-0.007911767285263898,-0.00617065795692485,-0.006151992574960196,0.0014362943047290314,1.0000000000000007,0.0014226685338962668,0.9999323875338448,0.011772208469405838,-0.0050768737028034335,-0.005206192647647324,1.2251650629329613e-05,-5.641096646342819e-06,-0.008506829320616117,0.011772462202300134,1.0512401130951656e-09,0.0001249183119981852,0.00025338859352777506,-0.0008603336139943224,0.023047897784977314,-0.00861253217377854,-0.00791500319771569,-0.006760007164288817,0.001566961541673466,-0.0008859127448916568,-0.008738115463508032,0.0006325358862634095,0.0015636822107976457,0.00019497289006150713,-0.0011380340751846077,1.3258546236782865e-09,0.0017194321233458582,-0.006761878968265121,0.002752489694438369,-0.0007231131965599014,0.04665657737535891,0.04442772776473421,0.9999463658716556,-0.009138381957180463,0.032156708868710575,-0.001382683645630047,-0.0009380589426899993,-0.0009505435949367308,-0.0006633236327955814,-0.00609535534844243
3.6799543138328533e-07,0.0014227192446659878,3.853589168222511e-07,-1.0545692051626713e-05,3.6784114962196764e-07,0.00025292716733186913,0.0001220816536134469,4.2441128075242187e-07,2.7025885029857488e-06,0.879456809523551,-0.00012874077082777226,3.786806086963318e-05,0.0773484136063896,3.423977015676894e-05,-7.336843780973644e-05,3.9107925540606196e-05,-0.0017011718438435922,-1.3879598216146948e-05,0.05667399553955542,-8.984271513419254e-05,0.8794568124048874,0.0014226685338962668,0.9999999999999991,0.0018955902648118779,0.9999393419726514,-8.076070247574644e-05,-7.425047621411293e-05,3.853397474942773e-07,0.001846847487994693,0.07234461764057976,0.9999393445298316,3.8204464117631255e-07,7.66646090808712e-06,0.0001696633647333706,2.3187812660438794e-06,2.3810552067369268e-05,0.07328810235806243,0.0716349321895426,-0.00010009132169281684,0.9999986201817607,-2.4547934666200794e-05,-9.289348895698064e-06,0.00018680293144378944,0.9999985436479318,0.0018532285404104973,-2.2183358230914416e-05,3.8204735420110584e-07,5.772431578413921e-05,3.762198644776127e-05,0.020278902387294236,-1.2636275364511889e-05,7.025552946543858e-05,0.00014269634407008537,0.0014226504608915987,-1.379807044882486e-05,3.096973800371014e-05,1.4185571923444874e-06,-1.7427392731738316e-05,2.979505841401711e-07,0.0015063238933970004,5.7477965529244805e-05
-7.617121197014962e-06,0.9998974292302228,4.584699205487834e-06,-0.009629627331486985,-7.584038746288826e-06,-0.00015499190427496556,0.0021247511822458463,-0.014103527278425418,0.00011325041648356503,0.0018489620081778217,-0.007531996322002216,-0.0032436768392884244,-0.005846971020999711,0.6735987324224617,-0.005715146428404894,0.040349465327203106,0.10143529098932638,-0.008911709909445177,-0.005567399602097003,-0.005596782706961354,0.0018491196151285338,0.9999323875338448,0.0018955902648118779,0.9999999999999998,0.012244509604877546,-0.0058127559162932585,-0.006159485095926911,4.584590183050333e-06,2.6295528348960846e-06,-0.006855470745751306,0.01224467325319046,-7.665798010847429e-06,0.00013501891076276364,-0.0007988539144241117,-0.0009096451810735295,0.02321741181921326,-0.005086132506530779,-0.007442760773587743,-0.006318459200479151,0.0020402092543553656,-0.00087232406445637,-0.009821263993104179,-0.00021476574716071525,0.0020368993941642143,0.00020829588014912039,-0.0012141713784273465,-7.665269815716353e-06,0.0018368038899495673,-0.006777460729782159,0.005474084487290699,-0.0007690052587664571,0.04415298479477673,0.04275523794921251,0.9998820180089705,-0.00895110371134993,0.03075666630071716,-0.0009095541859450905,-0.0015381084440406795,-0.0015926337086305782,-0.0009306511486364091,-0.006413088857322049
3.683396852675203e-07,0.011772775579418691,5.120152705228233e-07,-0.00011824296806532534,3.6876234046979845e-07,0.00025124041640785396,0.00013660062966794977,-0.00019772605149920045,3.694528938810661e-06,0.879403023631575,-0.00022510567294172488,-2.022911804601797e-05,0.07722636805539217,0.007932433036321773,-0.00012804296411047855,0.0004009473750257816,-0.0006510941169342271,-0.000110392029901823,0.05659134757961385,-0.00014421423316899964,0.8794030260714406,0.011772208469405838,0.9999393419726514,0.012244509604877546,0.9999999999999999,-0.00013385454522278978,-0.0001312708116571642,5.119953288114668e-07,0.0018466648555869134,0.07221324027602605,0.9999999944068493,3.8202773922894416e-07,9.136935814731373e-06,0.00017653271208297225,-7.032067118471896e-06,0.00028912438691377525,0.07316168261707574,0.0715117784409192,-0.00016379127219903294,0.9999374531053145,-3.3700280617365946e-05,-0.00014219864478174043,0.00018871088663167197,0.9999373762040502,0.0018553508464930965,-3.5296761742055516e-05,3.820306025015616e-07,6.825429303856073e-05,-5.645511719826894e-05,0.02029374130379186,-2.1250387406224682e-05,0.0004687745143000863,0.0005380514429796892,0.011772581607746038,-0.00013089790167161798,0.00032423293908434445,-2.0210763162333304e-05,-1.3116380419543178e-05,5.29873701187076e-06,0.0015081562891982605,-2.642597700612978e-05
0.03681832898763088,-0.005238236857012082,0.036818263130429775,0.23909035658524694,0.036818205751301805,-0.048323307547606165,0.05864113676336478,-0.19152786112044454,-0.027987427959513332,0.017484342674098367,0.3072448543230927,-0.04276745926935631,-0.15404840528064406,0.1610575248169477,0.8948128835682545,-0.10923341393551578,0.03599268597921364,0.6439456686490198,0.528322070711889,0.6830999853039889,0.01745830176269254,-0.0050768737028034335,-8.076070247574644e-05,-0.0058127559162932585,-0.00013385454522278978,0.9999999999999991,0.7480846727056061,0.03681827145325557,-0.036757723086228294,-0.12333285733352634,-0.00013297300000055136,0.03681843267539693,-0.028235405808631122,0.27935473193852134,0.027499731416379534,0.008611987050776225,-0.1822204983584969,0.02297876021945253,0.7005109076204791,-5.101055537845145e-05,0.028108116292226572,-0.004413000237914751,-0.0036077322733649286,-9.007689782159406e-05,-0.03690921388137535,-0.001973565809824822,0.03681826534032482,-0.04785628689355077,-0.12272403175376417,-0.06331487493198361,-0.0017538242909185802,0.2809951001127459,0.3311793751109843,-0.004403118620370936,0.0033586391674523333,0.3580598422047724,-0.0227924791640086,-0.3603675595340101,-0.33055757206670905,-0.21173575838612052,-0.012117928082054346
0.03725177599191493,-0.005051906815855178,0.037251642607373965,0.4763089463759007,0.037251621772048576,0.007463562706815648,0.16975845398362455,-0.06461891907386792,-0.027043045015433694,0.01768179113115397,0.1362822942750259,0.0161275752432413,-0.09278338555979813,0.16326389503847663,0.8776676503218559,-0.050492761278240546,0.03627548171114031,0.75752152114851,0.6124590645012268,0.5722772873551478,0.017639724270300715,-0.005206192647647324,-7.425047621411293e-05,-0.006159485095926911,-0.0001312708116571642,0.7480846727056061,1.0000000000000016,0.0372516516185227,-0.03733778622768884,-0.011298884429983204,-0.00013404731395890893,0.037251851732634005,-0.02815860882917738,0.14762903587146634,0.04860981619003364,-0.002288706180486803,-0.18613093246878476,0.01867747868830514,0.6118525025607813,-6.92851605293625e-05,0.010386237822715111,0.05848350750238955,-0.1629464900621248,-9.683847514949188e-05,-0.03747322184352243,-0.04333665271104611,0.0372516606196225,-0.012839853277065579,-0.046316160221781456,-0.04741990645807221,-0.009207502595053218,0.2749635126461977,0.31339113792935663,-0.0043197795711989555,0.0018705391892437917,0.23270251802271885,-0.02236107923561482,-0.357571659257538,-0.37836586622403123,-0.24565601280644025,-0.12184299434618287
0.9999999999253975,1.2251475933919858e-05,0.9999999999999886,-8.81079535578294e-08,0.9999999999202421,-1.7195729429745822e-08,2.8080350549937957e-08,-2.878384984189422e-07,4.815616182195132e-09,0.47597645976776737,0.06233314596008132,-5.480668126602918e-08,-0.0012395426337057363,8.244429179988751e-06,0.034093427929285616,5.317664498598867e-07,0.9948360016813037,-9.309207662784363e-08,-0.0009083652954055435,0.04295859366073525,0.4759764608380107,1.2251650629329613e-05,3.853397474942773e-07,4.584590183050333e-06,5.119953288114668e-07,0.03681827145325557,0.0372516516185227,1.0000000000000016,-0.9999757642981338,-0.0011662303939903,5.119939827446255e-07,0.9999999999246818,5.602596770940859e-09,0.0003407988855375275,-8.919973063422839e-10,0.004873710452281274,-0.0011746059043644577,-0.0011480322908563442,0.04410727084564012,7.109749103164744e-06,0.005453709231075676,-1.3938746711984661e-07,0.00036429833509094283,3.272823955700114e-07,-0.9999632740565715,-2.1192662052088752e-05,0.9999999999246983,5.5954808811938366e-08,-9.723482654060802e-08,-0.0003290164385070804,-3.5644218051573975e-05,0.03774061754228493,0.00023874959210278633,1.2251644039014007e-05,-1.5630924238210641e-07,0.05347863236265956,-1.2812633883234292e-08,-3.3363358778533704e-08,-1.370047123815872e-07,-0.8059510486453035,-4.7074736926927113e-07
-0.9999757643389807,-5.9363761507075416e-06,-0.9999757644301135,-0.00011286613141075802,-0.9999757439735742,-0.0006132594747166976,-0.0008673246113503896,2.4712052607782026e-05,-1.3249273444211874e-05,-0.4743311451840927,-0.06261297992517832,4.462588222817447e-05,0.0014220660330308396,0.0001883542234043416,-0.03411683943196837,0.0004894993995618172,-0.9948136720041169,-8.039024784024006e-05,0.0009636097710344526,-0.0429432741445992,-0.47433113444759367,-5.641096646342819e-06,0.001846847487994693,2.6295528348960846e-06,0.0018466648555869134,-0.036757723086228294,-0.03733778622768884,-0.9999757642981338,1.0000000000000004,0.0012892506896469847,0.0018466674245976459,-0.9999757645923166,-1.4947087613886037e-05,-0.0004766295830725926,0.006515153758546177,0.001238462907805206,0.0013203372461069883,0.0013196117701644217,-0.04437924611603831,0.0018502393382902886,0.0011642536933722343,7.942702754789751e-06,-0.0004602222827212154,0.0018573886399198705,0.9999930290908652,0.006566421532673421,-0.9999757645725798,-0.0005443641172063365,4.036088759628357e-05,-0.00017140942682337742,0.00667616971003791,-0.03787428408850119,-0.0005148270516142011,-6.02478015465014e-06,-4.119409143053672e-05,-0.053827603446575605,0.006456098888837438,-2.9523062568447424e-05,-0.00010674647423412709,0.8059475200408044,-0.0002464810087591768
-0.00116610795528856,-0.008922955331027632,-0.0011662282189964024,0.07106656963059395,-0.001166233243324541,0.028532259412270777,0.047990767906332756,0.5406231716336677,0.000805829162215936,0.0630236774200695,0.09211547061813655,0.08615484921070979,0.6274082347644765,-0.0419754584799247,-0.07451183626349109,-0.020245730397782054,-0.0024209761874784477,0.028843642421636957,0.2424210400152093,-0.1461418463566425,0.06304064216935291,-0.008506829320616117,0.07234461764057976,-0.006855470745751306,0.07221324027602605,-0.12333285733352634,-0.011298884429983204,-0.0011662303939903,0.0012892506896469847,1.0,0.07221782376909282,-0.001165986266382212,-9.28295514056173e-05,-0.11615233551295004,-0.012194302939189253,-0.05565116675830824,0.5813159962314066,0.43281920690582354,-0.09065445995397459,0.07230973287865074,-0.006369663890126466,0.19579293331538544,-0.024327616986529355,0.07232174109021283,0.0008070759288235343,-0.008352869020660158,-0.0011659339692506002,-0.005260293709806928,0.31046410968663374,0.11402585721607905,0.0004401422926557624,-0.18443511929464237,-0.22716037286742677,-0.009843331568053799,0.1633598683071104,-0.2343616185156392,0.004412662429905611,0.1509726097808717,0.10789232950239411,0.0687653063010424,0.1078770428355873
3.683447542445971e-07,0.011772046152761357,5.120141877885394e-07,-0.00012357367503574687,3.6876625980768617e-07,0.00025170648627621757,0.00013533540537014123,-0.00020158945360154655,3.8614865287940795e-06,0.879403027395513,-0.00024424474900894234,-1.0340971019710676e-05,0.07722668593614254,0.007932549956935245,-0.00012554914585070621,0.00039971490125180297,-0.0006511028076154927,-0.00010897406772959682,0.056594962805785506,-0.0001545774961201166,0.8794030299644511,0.011772462202300134,0.9999393445298316,0.01224467325319046,0.9999999944068493,-0.00013297300000055136,-0.00013404731395890893,5.119939827446255e-07,0.0018466674245976459,0.07221782376909282,1.000000000000001,3.820313387976959e-07,9.054238804790145e-06,0.0001850877005086712,-7.007490469302358e-06,0.00028722155347174683,0.07316030954181733,0.07152008898071077,-0.00017474403923160522,0.9999374606487165,-3.4174462349581846e-05,-0.0001321906934988132,0.00019560812406511853,0.9999373837846529,0.0018553476025161043,-3.493370672601574e-05,3.8203343653337735e-07,6.827115102183208e-05,-5.93783785716242e-05,0.020302202059115728,-2.131217747683247e-05,0.0004891715525912227,0.0005338583837327303,0.011771920676908082,-0.00013808094097139884,0.00033264120386134334,-1.4819788916517071e-05,-3.231324261363915e-05,-1.1208607839162247e-05,0.00149786619801726,-2.2081266402038935e-05
0.9999999999997533,7.241728743116068e-10,0.9999999999247189,6.8429253673659e-08,0.9999999999942383,2.111979404414003e-07,3.3297559240116847e-07,-5.857457158702575e-08,1.6851201460053266e-09,0.47597645460453886,0.06233320723040248,-1.1775651316270627e-07,-0.001239363875482022,6.760819770571186e-08,0.034093629252661004,-2.3794192358624584e-07,0.9948347582089554,1.9762813944624753e-07,-0.0009080897023665771,0.042958708192622604,0.4759764556725617,1.0512401130951656e-09,3.8204464117631255e-07,-7.665798010847429e-06,3.8202773922894416e-07,0.03681843267539693,0.037251851732634005,0.9999999999246818,-0.9999757645923166,-0.001165986266382212,3.820313387976959e-07,1.0000000000000044,1.5945357424002467e-09,0.00034083392406244225,3.245135375903329e-08,0.004873449506394814,-0.001174432284131949,-0.0011477664774842589,0.04410742752020446,7.104647184618483e-06,0.005453672978919268,9.7533102347525e-08,0.0003642666475150116,3.2222560805256946e-07,-0.9999632762247067,-2.1250714446781695e-05,0.9999999999999722,6.346894437287394e-07,-9.365459490905063e-08,-0.00032847425146771117,-3.5675414148852575e-05,0.03774012321499364,0.0002382447743043895,1.6858156897978525e-09,6.041503496075013e-08,0.05347826187034633,5.977742506178981e-09,-8.93946099012317e-08,-1.87859241281189e-07,-0.8059510814191224,-3.598437467001421e-07
1.5649589929311063e-08,0.00013284684374578116,5.724196219727259e-09,-0.026813005020108107,3.748765168828985e-08,0.012645471143486004,-0.012867124597193644,-0.0004361041236629358,0.9997833621438937,-2.3473309596180936e-06,-0.05737817630423777,0.4751970538647583,4.4385777005466156e-05,0.377898421902192,-0.026129931471192688,0.039239707730676,-2.9058565120697317e-05,-0.02414831025717287,-0.020556070822737294,-0.03212426292280376,-1.1500425203029122e-07,0.0001249183119981852,7.66646090808712e-06,0.00013501891076276364,9.136935814731373e-06,-0.028235405808631122,-0.02815860882917738,5.602596770940859e-09,-1.4947087613886037e-05,-9.28295514056173e-05,9.054238804790145e-06,1.5945357424002467e-09,1.0000000000000016,-0.01144573783777933,0.00033596395342673074,0.0037575164474591798,-0.0003820640589466996,0.0262715401471084,-0.05821451288906138,-6.090082939741346e-06,-0.007397197450524726,0.030808976830137592,-0.0018385578515980167,-1.8082892061819496e-07,6.236434044506603e-05,-0.004336146297590588,6.5690879988498e-09,0.009875254913745773,-0.0007844994964799581,0.009223582403799597,-0.002594009973644242,0.008033017387501354,0.02568962012875607,0.0003037851787934991,0.030313813233937444,-0.024841153206760728,0.0032019152709373893,-0.0005310735675887843,-0.007540791818227301,-0.0031124071053411566,-0.023391171736755867
0.0003407606595092787,-0.000408297161811219,0.00034079427396866715,0.06155149639965221,0.00034052301954245106,0.5330196220122017,-0.001532606435723683,-0.1851445748748491,-0.02281272592362315,0.0001460164071614168,0.12701339695874034,-0.06609253491976438,-0.15326192248938553,0.10837826154099096,0.20639589024721686,-0.06566570692745594,0.0021390771523740874,0.29060987261303683,0.22384021714066696,0.29701358924422977,0.00013053179353634715,0.00025338859352777506,0.0001696633647333706,-0.0007988539144241117,0.00017653271208297225,0.27935473193852134,0.14762903587146634,0.0003407988855375275,-0.0004766295830725926,-0.11615233551295004,0.0001850877005086712,0.00034083392406244225,-0.01144573783777933,1.0,-0.04567821008555023,-0.01675353871377051,-0.17678248061337015,-0.20631551981844665,0.33754800887459524,-8.287961441537275e-06,0.007440880919251023,-0.24420872474419097,0.8914163547242728,-2.6778205764295874e-05,-0.0006536286545349736,0.038622973913793705,0.00034074979038114833,-0.10922545687124316,-0.12559584552645517,-0.0761183008923356,-0.007210306054907831,0.2892220330184611,0.2582922560520947,-0.0010562018278338862,-0.1540713158620154,0.6279747633147911,-0.041501898177882975,-0.26677653912372323,-0.04767453991544814,-0.05713249846870444,0.6070540183165872
5.327676987684794e-08,-0.0008761858776231548,4.6158936079082426e-11,0.02342147333886812,3.0665517294270707e-06,-0.0006723070793065275,0.016178178165137787,-0.020025437855959272,0.00030158746163087477,0.0013632155936280591,-0.06654075415452003,-0.00347578810712278,-0.025100587513678586,0.03248586594906026,0.04475060268416635,-0.0037296913347080827,-0.0002739285425254644,0.0373371340258923,0.02245635221493248,0.02791095396064129,0.0013601648219535936,-0.0008603336139943224,2.3187812660438794e-06,-0.0009096451810735295,-7.032067118471896e-06,0.027499731416379534,0.04860981619003364,-8.919973063422839e-10,0.006515153758546177,-0.012194302939189253,-7.007490469302358e-06,3.245135375903329e-08,0.00033596395342673074,-0.04567821008555023,1.000000000000001,0.9049151158415006,-0.0031651077848339508,0.04339758528187442,-0.018251321462550166,0.0014997536135437637,0.975789517071848,0.0587609112615781,-0.06703815941229023,0.0015549588753674636,0.007454645000959372,0.9381687735148256,1.8774018455751092e-08,0.026296892220367286,0.0023613519670886308,0.016111217112953467,0.97986283899356,0.00500303663862514,-0.004967905304752365,-0.000403636519077447,0.04218958918344307,-0.05906403571718183,0.9739501692898047,-0.0095238370119299,-0.02906425408513331,-0.010134822165752727,-0.07334721884357177
0.004873393853895484,0.023169366066656805,0.0048736960536775314,-0.02433605653125564,0.004876686697920818,-0.08253781941876205,-0.09994884947357546,-0.0627447075380915,0.0036257603848057715,0.0035916809511957574,-0.038099111399054766,-0.015002077601737007,-0.03894801109611078,0.03566867591376544,0.0073688757860222815,0.09510394722083593,0.007312119194559409,-0.018953966704172782,-0.015471843474892489,0.011692725885302837,0.0035907082168935406,0.023047897784977314,2.3810552067369268e-05,0.02321741181921326,0.00028912438691377525,0.008611987050776225,-0.002288706180486803,0.004873710452281274,0.001238462907805206,-0.05565116675830824,0.00028722155347174683,0.004873449506394814,0.0037575164474591798,-0.01675353871377051,0.9049151158415006,0.9999999999999999,-0.018720065207320506,-0.01749813780684404,-0.021010413228177465,0.0014102199104678351,0.9163160315609242,-0.03097158579719684,-0.02161242542848542,0.0014559237210513226,0.0033624248995773208,0.8930063809316633,0.004873444944252478,0.10990762974327987,-0.02916042025397942,0.1194203194576528,0.9158705165088986,0.03282753515127151,0.02575166522037136,0.023225715023691976,-0.03270956490114978,0.0016025701404257624,0.8903935946429499,-0.010753681251893462,-0.02203802507836677,-0.00970230282147958,-0.06549718144696097
-0.001174472867416246,-0.008516531786364738,-0.001174610389882845,0.092496145513451,-0.0011745166378895782,0.014719810948736825,0.013912346261374409,0.520245771057691,0.0006899902035701583,0.06386787366881758,0.12393808386497918,0.08970524677682071,0.6696764961077397,-0.13176047531342874,-0.1783460338431121,-0.09901229196001173,-0.002300924809968844,-0.13671824730095633,0.13624573847136667,-0.18488645974647697,0.06388340814005923,-0.00861253217377854,0.07328810235806243,-0.005086132506530779,0.07316168261707574,-0.1822204983584969,-0.18613093246878476,-0.0011746059043644577,0.0013203372461069883,0.5813159962314066,0.07316030954181733,-0.001174432284131949,-0.0003820640589466996,-0.17678248061337015,-0.0031651077848339508,-0.018720065207320506,0.9999999999999997,0.5393867001560015,-0.1709103214303982,0.07325337296948792,-0.003301705707399963,0.25297933370455644,-0.023167147822464852,0.07327260591634786,0.0011434246281469694,-0.00011245736472911342,-0.0011743446428748813,-0.02409852565984811,0.27251735727564874,0.19309764306598917,0.0037618393452655127,-0.3357350287941149,-0.3215803242529993,-0.009040108500445692,0.355146615708167,-0.31985596810763584,0.005455688042365985,0.2748540720024678,0.23132508892252923,0.14522692393926737,0.10858996993973619
-0.0011478297465218664,-0.00868338732178982,-0.0011480379981092447,0.10057544555570393,-0.0011478863446671304,0.01593889450692792,0.015847573272881683,0.3724718275621729,0.027271677915351112,0.062421619798452524,0.026558566165955547,0.0748331065628279,0.5731611410287922,0.005332723082558265,0.0783744439954562,-0.09392100292026496,-0.002890565619512665,0.09072164844814654,0.3279602368693246,-0.04468274611031173,0.06243011953755822,-0.00791500319771569,0.0716349321895426,-0.007442760773587743,0.0715117784409192,0.02297876021945253,0.01867747868830514,-0.0011480322908563442,0.0013196117701644217,0.43281920690582354,0.07152008898071077,-0.0011477664774842589,0.0262715401471084,-0.20631551981844665,0.04339758528187442,-0.01749813780684404,0.5393867001560015,0.9999999999999989,-0.03917909355001463,0.07159972325328189,-0.015672138404508953,0.7697209590411482,-0.1781488179045383,0.07161755357518292,0.001142756386180064,-0.03938836322242617,-0.001147737172553803,0.11034563236808895,0.15655435758885416,0.20237706068103634,-0.004806222672278616,-0.23053389514823275,-0.15621963817699636,-0.0058824024750730895,0.4172175548323608,-0.33229000804141257,-4.5750640170500595e-06,0.023723324911895598,-0.041477545964971226,-0.011021864765637268,-0.04411035759014147
0.04410729404412662,-0.0058867105541578315,0.0441072587878918,0.3270472590553579,0.044106999053958186,-0.04275954392722447,0.08229398331800294,-0.12567215797027687,-0.057818619883622586,0.020873968384011395,0.7042805739635773,-0.059693501748634706,-0.12060626693260154,0.1767050535625453,0.6588562189372564,-0.08352074966695058,0.04334121167566546,0.7096549223554159,0.581509043533553,0.8133414140035321,0.020843268196420545,-0.006760007164288817,-0.00010009132169281684,-0.006318459200479151,-0.00016379127219903294,0.7005109076204791,0.6118525025607813,0.04410727084564012,-0.04437924611603831,-0.09065445995397459,-0.00017474403923160522,0.04410742752020446,-0.05821451288906138,0.33754800887459524,-0.018251321462550166,-0.021010413228177465,-0.1709103214303982,-0.03917909355001463,1.0000000000000004,-0.00010726166963257408,0.014076898598099326,-0.04070059733521951,0.05417391931336111,-0.00017264620401755671,-0.04467423468793021,-0.028063982320337195,0.04410726316506168,-0.08561485929517867,-0.11805335331676368,-0.06453173273331328,-0.03955404384815655,0.25938494485740543,0.39179447698679104,-0.005697653585294084,-0.08507325828534264,0.46310081578145557,-0.06943922508719869,-0.3973855035248193,-0.34179403654564855,-0.24351407898245914,0.10167335372258579
7.090672670826449e-06,0.0015666669345166396,7.109747338654122e-06,-2.0746307521347892e-05,7.09507490597016e-06,-2.5617819028312106e-05,-1.1030175982226734e-05,-5.0405018999616024e-05,-5.909599097630271e-06,0.8794613671273592,-0.00014997895781816137,-1.1016412944291016e-05,0.07730701620265562,4.3274796925670954e-05,-5.69269681738957e-05,0.0001449812066470286,-0.0016800126370054643,-2.0305286141975026e-05,0.05666183502189143,-5.00916269970544e-05,0.8794613682245044,0.001566961541673466,0.9999986201817607,0.0020402092543553656,0.9999374531053145,-5.101055537845145e-05,-6.92851605293625e-05,7.109749103164744e-06,0.0018502393382902886,0.07230973287865074,0.9999374606487165,7.104647184618483e-06,-6.090082939741346e-06,-8.287961441537275e-06,0.0014997536135437637,0.0014102199104678351,0.07325337296948792,0.07159972325328189,-0.00010726166963257408,1.0000000000000002,0.00149284694605902,-4.779295014282845e-05,-8.55261192392036e-06,0.999999992139094,0.0018578543424673936,0.0014558549771549445,7.104645996916575e-06,-2.101744807287407e-05,-1.291664622929208e-05,0.020209434644949585,0.0015033842231399063,9.786100542163678e-05,0.0001400893574166002,0.0015665698040510498,-4.58938410594168e-05,-2.3354870810394666e-07,0.0014844078898111714,-3.2563822053619606e-05,-3.7069747119314e-05,0.0014833229395221463,-3.971435443530018e-05
0.005453699399652033,-0.0008435175128906387,0.00545368874140888,0.0038865545561606717,0.005456731754711502,-0.09731010587804792,-0.1246978846084158,-0.010655602498416366,-0.007485057629366825,0.003941419797155182,0.015252402324322366,-0.01274492045024243,-0.008516057590341864,0.026001513119555245,0.017136263248906658,0.07313368239937793,0.005519066771481269,0.004977847376010391,0.0035647145254519915,0.038055198830279496,0.0039404802567673215,-0.0008859127448916568,-2.4547934666200794e-05,-0.00087232406445637,-3.3700280617365946e-05,0.028108116292226572,0.010386237822715111,0.005453709231075676,0.0011642536933722343,-0.006369663890126466,-3.4174462349581846e-05,0.005453672978919268,-0.007397197450524726,0.007440880919251023,0.975789517071848,0.9163160315609242,-0.003301705707399963,-0.015672138404508953,0.014076898598099326,0.00149284694605902,1.0000000000000002,-0.02364524707028056,0.00520406523967875,0.0015401322851981171,0.0020238706289736766,0.9753321523832676,0.005453670954847175,-0.08142352735708482,0.017589216379782106,-0.08355539480972712,0.9958258351629866,-0.004315362695315298,-0.020562977442428302,-0.0009461605571238528,-0.024559797451061304,-0.0059939189704561364,0.9590952577762739,-0.008367473262342459,-0.009107442454234586,-0.005713407716536578,-0.007427847821805254
1.0681437232919617e-07,-0.0097125180626073,-1.4908542680151694e-07,0.10837790020423058,4.3270109061842664e-08,0.012149878985017586,-0.0037412457963831745,0.4606868412444738,0.03171621728788047,-3.004467854456228e-05,0.0009190815243524109,0.06866119015035863,0.25382315855629783,0.014123113393836978,0.07603198021785029,0.006154277598184039,-0.0019101958380107781,0.15255775895759682,0.1069708835762413,-0.03446483929860242,-1.838749648823927e-05,-0.008738115463508032,-9.289348895698064e-06,-0.009821263993104179,-0.00014219864478174043,-0.004413000237914751,0.05848350750238955,-1.3938746711984661e-07,7.942702754789751e-06,0.19579293331538544,-0.0001321906934988132,9.7533102347525e-08,0.030808976830137592,-0.24420872474419097,0.0587609112615781,-0.03097158579719684,0.25297933370455644,0.7697209590411482,-0.04070059733521951,-4.779295014282845e-05,-0.02364524707028056,1.0,-0.2271122204912287,-2.62988448292806e-05,-0.00011366271470335612,-0.05377783401079001,1.246968571111983e-07,0.19607656604109738,0.12250372026260298,0.1728995665856341,-0.008608201737728336,-0.13167176921289775,-0.08067558536339836,-0.005958262736651166,0.4735921024469514,-0.3290329181415773,0.009255348568295395,0.022721007205450408,-0.06689866887794144,-0.022001274725192133,-0.08697859678450903
0.0003642621083637987,-1.674964250902332e-05,0.00036429827232520686,-0.10655727923927596,0.00036402252389621073,0.5709637610415825,-0.053001132164090664,-0.024307439484632765,-0.014274159979477766,0.0001394825669613359,0.1554277505104342,-0.05214631335994256,-0.03464021352310909,-0.006943736885038533,-0.09781891870871345,-0.051807674247854485,0.002247435372648131,-0.09084805064763884,-0.08847231116337785,0.04067665187359853,0.00014849368097807206,0.0006325358862634095,0.00018680293144378944,-0.00021476574716071525,0.00018871088663167197,-0.0036077322733649286,-0.1629464900621248,0.00036429833509094283,-0.0004602222827212154,-0.024327616986529355,0.00019560812406511853,0.0003642666475150116,-0.0018385578515980167,0.8914163547242728,-0.06703815941229023,-0.02161242542848542,-0.023167147822464852,-0.1781488179045383,0.05417391931336111,-8.55261192392036e-06,0.00520406523967875,-0.2271122204912287,1.0,-1.9199075531564378e-05,-0.000695836863514149,0.05467607132633101,0.0003642832483448141,-0.09977743625953833,-0.012018118064984274,-0.07841334883602147,-0.0029238113806304977,0.06835718753627014,0.042975978639862675,-0.001219814448620339,-0.14930796500317112,0.4229795251290584,-0.03561802245399387,-0.032995295649555875,0.18508209946338697,0.08458806184646186,0.7036026781712434
3.0825421206601e-07,0.0015633823426270028,3.2728018046274227e-07,-2.3092430199231505e-05,3.128345094814779e-07,-1.7737241685319154e-05,-1.553111394465381e-05,-2.3693317353076298e-05,8.782170778522895e-08,0.8794581407779816,-0.00022433692523618536,7.651669927614678e-07,0.0773254565775997,4.72923582505788e-05,-8.608449480594215e-05,0.0001522277636213103,-0.0016871379772866952,-2.8414280665551458e-05,0.056655956553454685,-0.00010302073072099921,0.8794581432272734,0.0015636822107976457,0.9999985436479318,0.0020368993941642143,0.9999373762040502,-9.007689782159406e-05,-9.683847514949188e-05,3.272823955700114e-07,0.0018573886399198705,0.07232174109021283,0.9999373837846529,3.2222560805256946e-07,-1.8082892061819496e-07,-2.6778205764295874e-05,0.0015549588753674636,0.0014559237210513226,0.07327260591634786,0.07161755357518292,-0.00017264620401755671,0.999999992139094,0.0015401322851981171,-2.62988448292806e-05,-1.9199075531564378e-05,0.9999999999999991,0.0018650809078708372,0.0015079836578343585,3.222282718886957e-07,-1.029100937144216e-05,-3.399463339294428e-06,0.020214781859887142,0.0015599746896305044,8.172874133045185e-05,0.0001271308033909007,0.0015633184061266596,-1.2412113943901005e-05,-4.1973022024959926e-05,0.0015417736179355154,-2.9929983597961818e-05,-3.8460144060879146e-05,0.001486326450543044,-4.1570898135086786e-05
-0.9999632766109746,0.0001944737462583356,-0.9999632741750313,-0.00033746911728035065,-0.9999632489823781,-0.000688488183821238,-0.0008964052826507102,-0.000545967983257621,6.035234154040786e-05,-0.47431837290019885,-0.06314309961110663,-0.00010716647511970204,0.001087808609968703,0.0003072482323439652,-0.03419218236703781,0.0007991423206598106,-0.994781527192297,-0.0002491251338341602,0.000832457392643752,-0.04310738939781081,-0.47431836761433793,0.00019497289006150713,0.0018532285404104973,0.00020829588014912039,0.0018553508464930965,-0.03690921388137535,-0.03747322184352243,-0.9999632740565715,0.9999930290908652,0.0008070759288235343,0.0018553476025161043,-0.9999632762247067,6.236434044506603e-05,-0.0006536286545349736,0.007454645000959372,0.0033624248995773208,0.0011434246281469694,0.001142756386180064,-0.04467423468793021,0.0018578543424673936,0.0020238706289736766,-0.00011366271470335612,-0.000695836863514149,0.0018650809078708372,0.9999999999999989,0.007315257332792929,-0.9999632762342102,0.0011152257145468937,-0.0002997881651036394,0.0016560441551596542,0.007561155005127413,-0.03749546105194511,-0.00023679018788432628,0.00019534983555278225,-2.0194838725729443e-05,-0.05380528193507696,0.007347093632601939,-6.718210629360457e-05,-0.00022057788178998577,0.8058468121982583,-0.0007542942900596369
-2.12111813861657e-05,-0.0011626050350787302,-2.1220394830038157e-05,-0.025091710538461855,-1.8259658360285914e-05,-0.1414255980738193,-0.18438276632004832,-0.005165818054875198,-0.003724616658687103,0.0013036132229319111,-0.014310243922821042,-0.0002582915913015918,-0.042842721934864623,0.026093791215545607,-0.02735287496284234,0.11812673345177832,0.000197175476713944,-0.026758013397464184,-0.051890252254008444,0.006902055873336693,0.0013053808968881235,-0.0011380340751846077,-2.2183358230914416e-05,-0.0012141713784273465,-3.5296761742055516e-05,-0.001973565809824822,-0.04333665271104611,-2.1192662052088752e-05,0.006566421532673421,-0.008352869020660158,-3.493370672601574e-05,-2.1250714446781695e-05,-0.004336146297590588,0.038622973913793705,0.9381687735148256,0.8930063809316633,-0.00011245736472911342,-0.03938836322242617,-0.028063982320337195,0.0014558549771549445,0.9753321523832676,-0.05377783401079001,0.05467607132633101,0.0015079836578343585,0.007315257332792929,1.000000000000001,-2.1252938746439628e-05,-0.12131092325239008,0.0007563191962739804,-0.12190267321153164,0.9763243545836692,0.0001672992055268708,-0.01740037415142536,-0.0012245273551326772,-0.02522865579661239,0.007893536895864025,0.9503653341020737,-0.009194982554139149,0.0045580419641224985,8.62662342320541e-05,0.04085299319165078
0.9999999999997519,1.0709068661953901e-09,0.999999999924735,-1.9412467074176692e-08,0.9999999999942497,2.1130430465514085e-07,2.9223148265788927e-07,3.0767424067552945e-08,6.242995441149632e-09,0.4759764545961851,0.06233321069183726,-1.0884045724747267e-07,-0.0012392704244417114,2.9273275480831195e-09,0.03409344180944025,-2.3184803760630883e-07,0.9948347582731651,-1.3422668051331402e-08,-0.0009082429643550169,0.04295856000044297,0.4759764556756321,1.3258546236782865e-09,3.8204735420110584e-07,-7.665269815716353e-06,3.820306025015616e-07,0.03681826534032482,0.0372516606196225,0.9999999999246983,-0.9999757645725798,-0.0011659339692506002,3.8203343653337735e-07,0.9999999999999722,6.5690879988498e-09,0.00034074979038114833,1.8774018455751092e-08,0.004873444944252478,-0.0011743446428748813,-0.001147737172553803,0.04410726316506168,7.104645996916575e-06,0.005453670954847175,1.246968571111983e-07,0.0003642832483448141,3.222282718886957e-07,-0.9999632762342102,-2.1252938746439628e-05,1.0000000000000036,6.342352989893043e-07,-3.741821433068094e-08,-0.00032847380088737744,-3.567476745586794e-05,0.03774000978292805,0.0002381224332227002,1.6453685129055636e-09,6.314463584100202e-08,0.053478157247569824,2.4231615375618065e-09,4.245296392054762e-08,-6.538210333304721e-08,-0.8059510046278763,-3.3917073855308505e-07
1.925750587669886e-07,0.0017222710075752053,1.3420161524964227e-07,-0.03570528942044114,5.273647124990989e-07,0.3312513744860902,0.46715573200487176,0.053411523297966536,0.009940594890126334,-1.5350213714999555e-05,-0.08616941893040442,-0.17040955587329004,-0.059693977172787425,0.004276146977086728,-0.002145350849575175,-0.30191923808675636,-0.0008618334975153692,-0.017999491084346602,-0.08479598829169795,-0.0824337889967545,-1.0220350657244237e-05,0.0017194321233458582,5.772431578413921e-05,0.0018368038899495673,6.825429303856073e-05,-0.04785628689355077,-0.012839853277065579,5.5954808811938366e-08,-0.0005443641172063365,-0.005260293709806928,6.827115102183208e-05,6.346894437287394e-07,0.009875254913745773,-0.10922545687124316,0.026296892220367286,0.10990762974327987,-0.02409852565984811,0.11034563236808895,-0.08561485929517867,-2.101744807287407e-05,-0.08142352735708482,0.19607656604109738,-0.09977743625953833,-1.029100937144216e-05,0.0011152257145468937,-0.12131092325239008,6.342352989893043e-07,1.0000000000000007,-0.12995289427900422,0.8585821625995274,-0.06945483410203014,0.009191168715083853,0.01023886378187475,0.002865915994029437,0.08217866818483557,-0.06262819456617959,0.017112642748732976,0.06792956929194016,0.04732656152544473,0.03532885280843035,-0.03835848811399643
-6.052883052006988e-08,-0.006558489030267267,-1.0451708658115672e-07,0.09731898471455326,-9.82775318722956e-10,0.010667661291872634,-0.005351144781637956,0.37193310185767114,-0.0010067600745293688,-2.3267670970683758e-05,0.0701603547902904,0.4821387069734091,0.27010758122622114,-0.07417718238607443,-0.08015513341635491,0.00770507853471169,-0.00044034093794530704,-0.06869510443057303,-0.031506091928041775,-0.13585880326090163,-1.341271527102154e-05,-0.006761878968265121,3.762198644776127e-05,-0.006777460729782159,-5.645511719826894e-05,-0.12272403175376417,-0.046316160221781456,-9.723482654060802e-08,4.036088759628357e-05,0.31046410968663374,-5.93783785716242e-05,-9.365459490905063e-08,-0.0007844994964799581,-0.12559584552645517,0.0023613519670886308,-0.02916042025397942,0.27251735727564874,0.15655435758885416,-0.11805335331676368,-1.291664622929208e-05,0.017589216379782106,0.12250372026260298,-0.012018118064984274,-3.399463339294428e-06,-0.0002997881651036394,0.0007563191962739804,-3.741821433068094e-08,-0.12995289427900422,0.9999999999999986,-0.2065053320828234,0.023950460984959402,-0.16576530755118168,-0.15536393374574936,-0.0072687659506938665,0.13235907227854862,-0.20014840662172434,-0.010047277551928939,0.04394068252718736,0.017927294170226135,0.01854752843645968,0.0867882074377484
-0.00032886949823531604,0.0019561974275521432,-0.00032894408090320483,-0.02362188636668043,-0.0003285097697712533,0.31520175533500183,0.435141718819037,0.01473723413311552,0.009111778402977057,0.017633809076696105,-0.09125860430694091,-0.14524417474531512,0.10890706713180295,0.005235717803856501,-0.03512921073266066,-0.34067389096682854,-0.0012185167603544415,0.000999010832888371,0.07262139359622287,-0.051906176872999754,0.01763623236143812,0.002752489694438369,0.020278902387294236,0.005474084487290699,0.02029374130379186,-0.06331487493198361,-0.04741990645807221,-0.0003290164385070804,-0.00017140942682337742,0.11402585721607905,0.020302202059115728,-0.00032847425146771117,0.009223582403799597,-0.0761183008923356,0.016111217112953467,0.1194203194576528,0.19309764306598917,0.20237706068103634,-0.06453173273331328,0.020209434644949585,-0.08355539480972712,0.1728995665856341,-0.07841334883602147,0.020214781859887142,0.0016560441551596542,-0.12190267321153164,-0.00032847380088737744,0.8585821625995274,-0.2065053320828234,0.9999999999999998,-0.07226988361086685,-0.01455382768792497,-0.039089714447346456,0.0028059595486066707,0.1353430398976654,-0.08715681254035593,0.010977004809164082,0.06213312897992368,0.05322934230673576,0.027080971929962578,-0.018144867023272063
-3.564724675891617e-05,-0.0007197678595805679,-3.566375880748236e-05,3.179414411266118e-05,-3.259246026746058e-05,-0.08596293494554617,-0.12119599035398489,0.005671009620775974,-0.00263763894933084,0.001344388991639848,-0.04824030070488751,-0.002915445230462674,0.001232702187180048,0.028077711964233486,-0.0052988555396892454,0.07470740419600941,1.6700055553908126e-05,-0.001964978626744145,-0.002762572168020607,-0.0022192705519896855,0.001344500794198127,-0.0007231131965599014,-1.2636275364511889e-05,-0.0007690052587664571,-2.1250387406224682e-05,-0.0017538242909185802,-0.009207502595053218,-3.5644218051573975e-05,0.00667616971003791,0.0004401422926557624,-2.131217747683247e-05,-3.5675414148852575e-05,-0.002594009973644242,-0.007210306054907831,0.97986283899356,0.9158705165088986,0.0037618393452655127,-0.004806222672278616,-0.03955404384815655,0.0015033842231399063,0.9958258351629866,-0.008608201737728336,-0.0029238113806304977,0.0015599746896305044,0.007561155005127413,0.9763243545836692,-3.567476745586794e-05,-0.06945483410203014,0.023950460984959402,-0.07226988361086685,0.9999999999999997,-0.011297678068102151,-0.024756299000640785,-0.0007876231890828094,0.0031397661834004584,-0.03953311434954204,0.9657667489673062,-0.006376912383200503,-0.009482902486537388,-0.003254867183081891,-0.007977172964962215
0.03774016249863253,0.045000496071554305,0.03774061693550817,0.098686695736294,0.03774025330778642,-0.027986860317293624,0.03663295718499978,-0.21241916758288937,0.008028290705151639,0.018065141089430026,-0.08882595187202194,-0.05134891057047611,-0.2904326017678308,0.19236466003186048,0.25256849572619156,0.4067616641073951,0.042362339390002515,0.3818024799792562,0.2151477893820523,0.33732761876003536,0.01804263818331905,0.04665657737535891,7.025552946543858e-05,0.04415298479477673,0.0004687745143000863,0.2809951001127459,0.2749635126461977,0.03774061754228493,-0.03787428408850119,-0.18443511929464237,0.0004891715525912227,0.03774012321499364,0.008033017387501354,0.2892220330184611,0.00500303663862514,0.03282753515127151,-0.3357350287941149,-0.23053389514823275,0.25938494485740543,9.786100542163678e-05,-0.004315362695315298,-0.13167176921289775,0.06835718753627014,8.172874133045185e-05,-0.03749546105194511,0.0001672992055268708,0.03774000978292805,0.009191168715083853,-0.16576530755118168,-0.01455382768792497,-0.011297678068102151,1.0000000000000004,0.7957142076356662,0.045206481915965775,-0.007155739491288525,0.7126134983279007,-0.010575851906677754,-0.27143507374226106,-0.23573238948216052,-0.1909032639152103,-0.020789699647620938
0.00023828906571533043,0.0449335583272853,0.0002387455913613513,0.17408138032975323,0.00023830017461664148,-0.0068496556439304425,0.04471554633832364,-0.20069270885441287,0.025819394972046286,0.0002393696326420819,0.07359368932289007,-0.0024104226588050597,-0.2870597302836764,0.19674410884623597,0.3227969585442647,0.3880149795145946,0.004808460742296313,0.4225151825048644,0.24543422753705052,0.42696251458258844,0.00021364701699697048,0.04442772776473421,0.00014269634407008537,0.04275523794921251,0.0005380514429796892,0.3311793751109843,0.31339113792935663,0.00023874959210278633,-0.0005148270516142011,-0.22716037286742677,0.0005338583837327303,0.0002382447743043895,0.02568962012875607,0.2582922560520947,-0.004967905304752365,0.02575166522037136,-0.3215803242529993,-0.15621963817699636,0.39179447698679104,0.0001400893574166002,-0.020562977442428302,-0.08067558536339836,0.042975978639862675,0.0001271308033909007,-0.00023679018788432628,-0.01740037415142536,0.0002381224332227002,0.01023886378187475,-0.15536393374574936,-0.039089714447346456,-0.024756299000640785,0.7957142076356662,1.0000000000000002,0.04532126784853723,0.04452407133643355,0.6188361908289697,-0.03205612058503804,-0.29118755356669024,-0.24285787968172007,-0.17237658232892183,0.03575354779858386
5.0219797097747305e-08,0.9999844983067138,1.2251723401600836e-05,-0.00854207332835443,8.341216678631224e-08,-7.035292311961794e-05,0.002531742263956336,-0.014439428402601439,0.00027520480876654395,0.001436182604871711,-0.008317862689777474,-0.004590965960362622,-0.009527370357699336,0.6739024493151348,-0.004101082424591432,0.042159848760886576,0.10143837840942306,-0.007396281746496951,-0.006795322984449739,-0.004772533907049126,0.0014362155635806722,0.9999463658716556,0.0014226504608915987,0.9998820180089705,0.011772581607746038,-0.004403118620370936,-0.0043197795711989555,1.2251644039014007e-05,-6.02478015465014e-06,-0.009843331568053799,0.011771920676908082,1.6858156897978525e-09,0.0003037851787934991,-0.0010562018278338862,-0.000403636519077447,0.023225715023691976,-0.009040108500445692,-0.0058824024750730895,-0.005697653585294084,0.0015665698040510498,-0.0009461605571238528,-0.005958262736651166,-0.001219814448620339,0.0015633184061266596,0.00019534983555278225,-0.0012245273551326772,1.6453685129055636e-09,0.002865915994029437,-0.0072687659506938665,0.0028059595486066707,-0.0007876231890828094,0.045206481915965775,0.04532126784853723,1.0000000000000009,-0.007337361592544986,0.03124928913236278,-0.0015527827561687242,0.00048222756671658946,-2.1771527795544973e-05,-6.228741141859522e-06,-0.007811085738129069
1.779978842260239e-08,-0.00853269627960083,-1.6661554290421733e-07,0.09389268477298156,2.2181184130506827e-07,0.0014668741285981547,-0.010712644275790332,0.41291269165721434,0.030545829950095423,-2.1333110979541658e-05,-0.10564739920980132,0.0747383614518854,0.3111570399323662,0.0469472093200641,-0.005684219962480822,0.02685991956419805,-0.0017870615086616887,0.18221599326352889,0.1948880366751009,0.01666464501986485,-1.0853751200020176e-05,-0.009138381957180463,-1.379807044882486e-05,-0.00895110371134993,-0.00013089790167161798,0.0033586391674523333,0.0018705391892437917,-1.5630924238210641e-07,-4.119409143053672e-05,0.1633598683071104,-0.00013808094097139884,6.041503496075013e-08,0.030313813233937444,-0.1540713158620154,0.04218958918344307,-0.03270956490114978,0.355146615708167,0.4172175548323608,-0.08507325828534264,-4.58938410594168e-05,-0.024559797451061304,0.4735921024469514,-0.14930796500317112,-1.2412113943901005e-05,-2.0194838725729443e-05,-0.02522865579661239,6.314463584100202e-08,0.08217866818483557,0.13235907227854862,0.1353430398976654,0.0031397661834004584,-0.007155739491288525,0.04452407133643355,-0.007337361592544986,0.9999999999999991,-0.2897966348838423,0.03324509024366867,-0.03424021119052391,-0.09711858022028778,-0.0841133046136099,-0.02602646778345857
0.05347824559159615,0.03171621002216229,0.053478630462790736,0.06645281279513139,0.05347795478602903,0.12612257150505438,0.017572480096255613,-0.3507063015832762,-0.026877710616608663,0.025436231675917277,0.21937950127025924,-0.08333363536202146,-0.3384363038021607,0.12472444922322387,0.28761269532714123,0.19745354223025757,0.05768653758875376,0.3001972696578045,0.17331810239632478,0.4052789656120719,0.02540987106164651,0.032156708868710575,3.096973800371014e-05,0.03075666630071716,0.00032423293908434445,0.3580598422047724,0.23270251802271885,0.05347863236265956,-0.053827603446575605,-0.2343616185156392,0.00033264120386134334,0.05347826187034633,-0.024841153206760728,0.6279747633147911,-0.05906403571718183,0.0016025701404257624,-0.31985596810763584,-0.33229000804141257,0.46310081578145557,-2.3354870810394666e-07,-0.0059939189704561364,-0.3290329181415773,0.4229795251290584,-4.1973022024959926e-05,-0.05380528193507696,0.007893536895864025,0.053478157247569824,-0.06262819456617959,-0.20014840662172434,-0.08715681254035593,-0.03953311434954204,0.7126134983279007,0.6188361908289697,0.03124928913236278,-0.2897966348838423,1.0000000000000002,-0.06264917409626981,-0.23371107456846055,-0.05029942946036439,-0.10454835396260694,0.40789515557639816
3.724801471659598e-08,-0.0018344582650026415,-9.580407309722315e-09,-0.022876914579006452,3.0012517341135833e-06,-0.005723941103241988,0.009259447017468241,0.003842473446794775,0.0036830760079201437,0.0013426083569793117,-0.07788420585974545,0.00020079953891403296,-0.03612134492399687,0.029805113672463912,-0.029642271154475822,0.003314632686321374,-0.0002425486371123933,-0.01940175999459555,-0.045406557909743475,-0.012577511431752553,0.0013441489994944179,-0.001382683645630047,1.4185571923444874e-06,-0.0009095541859450905,-2.0210763162333304e-05,-0.0227924791640086,-0.02236107923561482,-1.2812633883234292e-08,0.006456098888837438,0.004412662429905611,-1.4819788916517071e-05,5.977742506178981e-09,0.0032019152709373893,-0.041501898177882975,0.9739501692898047,0.8903935946429499,0.005455688042365985,-4.5750640170500595e-06,-0.06943922508719869,0.0014844078898111714,0.9590952577762739,0.009255348568295395,-0.03561802245399387,0.0015417736179355154,0.007347093632601939,0.9503653341020737,2.4231615375618065e-09,0.017112642748732976,-0.010047277551928939,0.010977004809164082,0.9657667489673062,-0.010575851906677754,-0.03205612058503804,-0.0015527827561687242,0.03324509024366867,-0.06264917409626981,1.0000000000000002,-0.026269514506543933,-0.03781349842209852,-0.016801334290229286,-0.03989682929876003
1.9402425453819696e-09,0.0006860403535118333,-2.843128609467467e-08,-0.018890651178323843,1.6636120889076085e-09,-0.0033277838520673515,0.02239956548259961,0.09126377751610767,-0.0018017523989027552,-1.0818138253030054e-05,0.009723404810683324,-0.1848939457622163,0.04730074706185948,-0.4630494795988763,-0.3421759972591218,0.06437638076819903,-0.0003704521674776882,-0.563544887929288,-0.48992098046954474,-0.3901590558163319,-5.491343902860568e-06,-0.0009380589426899993,-1.7427392731738316e-05,-0.0015381084440406795,-1.3116380419543178e-05,-0.3603675595340101,-0.357571659257538,-3.3363358778533704e-08,-2.9523062568447424e-05,0.1509726097808717,-3.231324261363915e-05,-8.93946099012317e-08,-0.0005310735675887843,-0.26677653912372323,-0.0095238370119299,-0.010753681251893462,0.2748540720024678,0.023723324911895598,-0.3973855035248193,-3.2563822053619606e-05,-0.008367473262342459,0.022721007205450408,-0.032995295649555875,-2.9929983597961818e-05,-6.718210629360457e-05,-0.009194982554139149,4.245296392054762e-08,0.06792956929194016,0.04394068252718736,0.06213312897992368,-0.006376912383200503,-0.27143507374226106,-0.29118755356669024,0.00048222756671658946,-0.03424021119052391,-0.23371107456846055,-0.026269514506543933,1.000000000000001,0.9529239422116299,0.5665700615132222,-0.02114406099688274
-1.1497742635389511e-07,0.00045017958455198124,-1.3381061254555698e-07,-0.03184201809869412,-2.1119741515620913e-07,0.09963530354488231,0.0040007662873657365,0.024719263818396033,-0.010074762283744192,-2.2872123072854805e-05,0.05160782621941344,-0.19325406883698726,-0.002930292992885885,-0.453375068134973,-0.33362018132609733,0.021712922786914415,5.335277491387261e-05,-0.5537214462166853,-0.4873513793236503,-0.35119070500856253,-1.945437809677231e-05,-0.0009505435949367308,2.979505841401711e-07,-0.0015926337086305782,5.29873701187076e-06,-0.33055757206670905,-0.37836586622403123,-1.370047123815872e-07,-0.00010674647423412709,0.10789232950239411,-1.1208607839162247e-05,-1.87859241281189e-07,-0.007540791818227301,-0.04767453991544814,-0.02906425408513331,-0.02203802507836677,0.23132508892252923,-0.041477545964971226,-0.34179403654564855,-3.7069747119314e-05,-0.009107442454234586,-0.06689866887794144,0.18508209946338697,-3.8460144060879146e-05,-0.00022057788178998577,0.0045580419641224985,-6.538210333304721e-08,0.04732656152544473,0.017927294170226135,0.05322934230673576,-0.009482902486537388,-0.23573238948216052,-0.24285787968172007,-2.1771527795544973e-05,-0.09711858022028778,-0.05029942946036439,-0.03781349842209852,0.9529239422116299,0.9999999999999997,0.5759631159476299,0.2533684736704369
-0.805951032326047,0.00020044161314058256,-0.8059510447341957,-0.04028231698700771,-0.8059510831147336,0.06235870902015545,0.004204916308516797,0.017566344104410936,-0.004764917009460708,-0.38229643511255534,-0.013178411946008814,-0.11744230118131066,0.00387004641715945,-0.2679248557509295,-0.21484836366147034,0.0031963715318707123,-0.8017416067195443,-0.3423364450876506,-0.29837273940710124,-0.24479049129646815,-0.382292147179952,-0.0006633236327955814,0.0015063238933970004,-0.0009306511486364091,0.0015081562891982605,-0.21173575838612052,-0.24565601280644025,-0.8059510486453035,0.8059475200408044,0.0687653063010424,0.00149786619801726,-0.8059510814191224,-0.0031124071053411566,-0.05713249846870444,-0.010134822165752727,-0.00970230282147958,0.14522692393926737,-0.011021864765637268,-0.24351407898245914,0.0014833229395221463,-0.005713407716536578,-0.022001274725192133,0.08458806184646186,0.001486326450543044,0.8058468121982583,8.62662342320541e-05,-0.8059510046278763,0.03532885280843035,0.01854752843645968,0.027080971929962578,-0.003254867183081891,-0.1909032639152103,-0.17237658232892183,-6.228741141859522e-06,-0.0841133046136099,-0.10454835396260694,-0.016801334290229286,0.5665700615132222,0.5759631159476299,1.0000000000000004,0.09116485723902557
-4.318138139542247e-07,-0.006477187625622186,-4.818290112797704e-07,0.021415443803585454,-7.902809188191784e-07,0.35442847692417334,-0.05730774146475254,0.226173980838906,-0.02709253483317611,-6.934580480494652e-05,0.23597177743330647,0.01070269799184739,0.11565078810410592,-0.017498342330915333,-0.058455559059076075,-0.14560172110435174,0.0005635926959922221,0.01959670542591127,0.00384743875123879,0.022325945430527933,-6.0807630775105985e-05,-0.00609535534844243,5.7477965529244805e-05,-0.006413088857322049,-2.642597700612978e-05,-0.012117928082054346,-0.12184299434618287,-4.7074736926927113e-07,-0.0002464810087591768,0.1078770428355873,-2.2081266402038935e-05,-3.598437467001421e-07,-0.023391171736755867,0.6070540183165872,-0.07334721884357177,-0.06549718144696097,0.10858996993973619,-0.04411035759014147,0.10167335372258579,-3.971435443530018e-05,-0.007427847821805254,-0.08697859678450903,0.7036026781712434,-4.1570898135086786e-05,-0.0007542942900596369,0.04085299319165078,-3.3917073855308505e-07,-0.03835848811399643,0.0867882074377484,-0.018144867023272063,-0.007977172964962215,-0.020789699647620938,0.03575354779858386,-0.007811085738129069,-0.02602646778345857,0.40789515557639816,-0.03989682929876003,-0.02114406099688274,0.2533684736704369,0.09116485723902557,0.9999999999999992
